CNAE;RAT;FPAS;Descrição da atividade
050030;2,00%;507;Extração de carvão mineral
050030;2,00%;507;Beneficiamento de carvão mineral
060000;2,00%;507;Extração de petróleo e gás natural
060000;2,00%;507;Extração e beneficiamento de xisto
060000;2,00%;507;Extração e beneficiamento de areias betum inosas
071030;2,00%;507;Extração de minério de ferro
071030;2,00%;507;Pelotização, sinterização e outros benefi ciamentos de minério de ferro
072190;2,00%;507;Extração de minério de alumínio
072190;2,00%;507;Beneficiamento de minério de alumínio
072270;2,00%;507;Extração de minério de estanho
072270;2,00%;507;Beneficiamento de minério de estanho
072350;2,00%;507;Extração de minério de manganês
072350;2,00%;507;Beneficiamento de minério de manganês
072430;2,00%;507;Extração de minério de metais preciosos
072430;2,00%;507;Beneficiamento de minério de metais preci osos
072510;2,00%;507;Extração de minerais radioativos
072940;2,00%;507;Extração de minérios de nióbio e titânio
072940;2,00%;507;Extração de minério de tungstênio
072940;2,00%;507;Extração de minério de níquel
072940;2,00%;507;Extração de minérios de cobre, chumbo, zi nco e outros minerais metálicos
072940;2,00%;507;Beneficiamento de minérios de cobre, chum bo, zinco e outros minerais
081000;2,00%;507;Extração de ardósia e beneficiamento asso ciado
081000;2,00%;507;Extração de granito e beneficiamento asso ciado
081000;2,00%;507;Extração de mármore e beneficiamento asso ciado
081000;2,00%;507;Extração de calcário e dolomita e benefic iamento associado
081000;2,00%;507;Extração de gesso e caulim
081000;2,00%;507;Extração de areia, cascalho ou pedregulho  e beneficiamento associado
081000;2,00%;507;Extração de argila e beneficiamento assoc iado
081000;2,00%;507;Extração de saibro e beneficiamento assoc iado
081000;2,00%;507;Extração de basalto e beneficiamento asso ciado
081001;2,00%;507;Beneficiamento de gesso e caulim associad o à extração
081009;2,00%;507;Extração e britamento de pedras e outros materiais para construção e
089160;2,00%;507;Extração de minerais para fabricação de a dubos, fertilizantes e outros
089240;2,00%;507;Extração de sal marinho
089240;2,00%;507;Extração de sal-gema
089240;2,00%;507;Refino e outros tratamentos do sal
089320;2,00%;507;Extração de gemas (pedras preciosas e sem ipreciosas)
089910;2,00%;507;Extração de grafita
089910;2,00%;507;Extração de quartzo
089910;2,00%;507;Extração de amianto
089919;2,00%;507;Extração de outros minerais não-metálicos  não especificados anteriormente
091060;2,00%;507;Atividades de apoio à extração de petróle o e gás natural
099040;2,00%;507;Atividades de apoio à extração de minério  de ferro
099040;2,00%;507;Atividades de apoio à extração de minerai s metálicos não-ferrosos
099040;2,00%;507;Atividades de apoio à extração de minerai s não-metálicos
101120;3,00%;507;Frigorífico - abate de bovinos (setor ind ustrial)
101120;3,00%;507;Frigorífico - abate de eqüinos (setor ind ustrial)
101120;3,00%;507;Frigorífico - abate de ovinos e caprinos (setor industrial)
101120;3,00%;507;Frigorífico - abate de bufalinos (setor i ndustrial)
101210;3,00%;507;Abate de aves (setor industrial)
101210;3,00%;507;Abate de pequenos animais(setor industria l)
101210;3,00%;507;Frigorífico - abate de suínos (setor indu strial)
101390;3,00%;507;Fabricação de produtos de carne
101390;3,00%;507;Preparação de subprodutos do abate
102010;2,00%;507;Preservação de peixes, crustáceos e molus cos
102010;2,00%;507;Fabricação de conservas de peixes, crustá ceos e moluscos
103170;2,00%;507;Fabricação de conservas de frutas - indús tria
103250;2,00%;507;Fabricação de conservas de palmito - indú stria
103259;2,00%;507;Fabricação de conservas de legumes e outr os vegetais - indústria
103330;2,00%;507;Fabricação de sucos concentrados de fruta s, hortaliças e legumes - ind
103330;2,00%;507;Fabricação de sucos de frutas, hortaliças  e legumes - indústria
104140;2,00%;507;Fabricação de óleos vegetais em bruto, ex ceto óleo de milho - indústria
104220;2,00%;507;Fabricação de óleos vegetais refinados, e xceto óleo de milho - indústria
104310;2,00%;507;Fabricação de margarina e outras gorduras  vegetais e de óleos não-
105380;2,00%;507;Fabricação de sorvetes e outros gelados c omestíveis
106190;2,00%;507;Fabricação de produtos do arroz - indústr ia
106600;2,00%;507;Fabricação de alimentos para animais
109110;2,00%;507;Fabricação de produtos de panificação
109290;2,00%;507;Fabricação de biscoitos e bolachas
109370;2,00%;507;Fabricação de produtos derivados do cacau  e de chocolates - indústria
109370;2,00%;507;Fabricação de frutas cristalizadas, balas  e semelhantes
109450;2,00%;507;Fabricação de massas alimentícias
109530;2,00%;507;Fabricação de especiarias, molhos, temper os e condimentos
109610;2,00%;507;Fabricação de alimentos e pratos prontos
109960;2,00%;507;Fabricação de vinagres
109960;2,00%;507;Fabricação de pós alimentícios
109960;2,00%;507;Fabricação de fermentos e leveduras
109960;2,00%;507;Fabricação de gelo comum
109960;2,00%;507;Fabricação de adoçantes naturais e artifi ciais
109969;2,00%;507;Fabricação de outros produtos alimentício s não especificados anteriormente
111190;2,00%;507;Fabricação de aguardente de cana-de-açúca r - indústria
111190;2,00%;507;Fabricação de outras aguardentes e bebida s destiladas
111350;2,00%;507;Fabricação de malte, inclusive malte uísq ue
111350;2,00%;507;Fabricação de cervejas e chopes
112160;2,00%;507;Fabricação de águas envasadas
112240;2,00%;507;Fabricação de refrigerantes
112240;2,00%;507;Fabricação de chá mate e outros chás pron tos para consumo
112240;2,00%;507;Fabricação de refrescos, xaropes e pós pa ra refrescos, exceto refrescos de
112249;2,00%;507;Fabricação de outras bebidas não-alcoólic as não especificadas anteriormente
121070;3,00%;507;Processamento industrial do fumo - indúst ria
122040;3,00%;507;Fabricação de cigarros - indústria
122040;3,00%;507;Fabricação de cigarrilhas e charutos - in dústria
122040;3,00%;507;Fabricação de filtros para cigarros - ind ústria
131380;2,00%;507;Fiação de fibras artificiais e sintéticas
131460;2,00%;507;Fabricação de linhas para costurar e bord ar
132190;2,00%;507;Tecelagem de fios de algodão - indústria
132270;2,00%;507;Tecelagem de fios de fibras têxteis natur ais, exceto algodão - indústria
132350;2,00%;507;Tecelagem de fios de fibras artificiais e  sintéticas
133080;2,00%;507;Fabricação de tecidos de malha
134050;2,00%;507;Estamparia e texturização em fios, tecido s, artefatos têxteis e peças do
134050;2,00%;507;Alvejamento, tingimento e torção em fios,  tecidos, artefatos têxteis e peças
134059;2,00%;507;Outros serviços de acabamento em fios, te cidos, artefatos têxteis e peças do
135110;2,00%;507;Fabricação de artefatos têxteis para uso doméstico
135290;2,00%;507;Fabricação de artefatos de tapeçaria
135370;2,00%;507;Fabricação de artefatos de cordoaria
135450;2,00%;507;Fabricação de tecidos especiais, inclusiv e artefatos
135960;2,00%;507;Fabricação de outros produtos têxteis não  especificados anteriormente
141180;2,00%;507;Confecção de roupas íntimas
141180;2,00%;507;Facção de roupas íntimas
141260;2,00%;507;Confecção de peças do vestuário, exceto r oupas íntimas e as confeccionadas
141260;2,00%;507;Confecção, sob medida, de peças do vestuá rio, exceto roupas íntimas
141260;2,00%;507;Facção de peças do vestuário, exceto roup as íntimas
141340;2,00%;507;Confecção de roupas profissionais, exceto  sob medida
141340;2,00%;507;Confecção, sob medida, de roupas profissi onais
141340;2,00%;507;Facção de roupas profissionais
141420;2,00%;507;Fabricação de acessórios do vestuário, ex ceto para segurança e proteção
142150;2,00%;507;Fabricação de meias
142230;2,00%;507;Fabricação de artigos do vestuário, produ zidos em malharias e tricotagens,
151060;3,00%;507;Curtimento e outras preparações de couro
152110;2,00%;507;Fabricação de artigos para viagem, bolsas  e semelhantes de qualquer
152970;2,00%;507;Fabricação de artefatos de couro não espe cificados anteriormente
153190;2,00%;507;Fabricação de calçados de couro
153190;2,00%;507;Acabamento de calçados de couro sob contr ato
153270;2,00%;507;Fabricação de tênis de qualquer material
153350;2,00%;507;Fabricação de calçados de material sintét ico
153940;2,00%;507;Fabricação de calçados de materiais não e specificados anteriormente
154080;2,00%;507;Fabricação de partes para calçados, de qu alquer material
161020;2,00%;507;Serrarias com desdobramento de madeira
161020;2,00%;507;Serrarias sem desdobramento de madeira
162180;2,00%;507;Fabricação de madeira laminada e de chapa s de madeira compensada,
162260;2,00%;507;Fabricação de casas de madeira pré-fabric adas
162260;2,00%;507;Fabricação de esquadrias de madeira e de peças de madeira para instalações
162269;2,00%;507;Fabricação de outros artigos de carpintar ia para construção
162340;2,00%;507;Fabricação de artefatos de tanoaria e de embalagens de madeira
162930;2,00%;507;Fabricação de artefatos diversos de madei ra, exceto móveis
162930;2,00%;507;Fabricação de artefatos diversos de corti ça, bambu, palha, vime e outros
171090;2,00%;507;Fabricação de celulose e outras pastas pa ra a fabricação de papel
172140;2,00%;507;Fabricação de papel
172220;2,00%;507;Fabricação de cartolina e papel-cartão
173110;3,00%;507;Fabricação de embalagens de papel
173200;3,00%;507;Fabricação de embalagens de cartolina e p apel-cartão
173380;3,00%;507;Fabricação de chapas e de embalagens de p apelão ondulado
174190;2,00%;507;Fabricação de formulários contínuos
174190;2,00%;507;Fabricação de produtos de papel, cartolin a, papel-cartão e papelão ondulado
174270;2,00%;507;Fabricação de fraldas descartáveis
174270;2,00%;507;Fabricação de absorventes higiênicos
174279;2,00%;507;Fabricação de produtos de papel para uso doméstico e higiênico-sanitário
174940;2,00%;507;Fabricação de produtos de pastas celulósi cas, papel, cartolina, papel- cartão e
181130;2,00%;507;Impressão de jornais
181130;2,00%;507;Impressão de livros, revistas e outras pu blicações periódicas
181210;2,00%;507;Impressão de material de segurança
181300;2,00%;507;Impressão de material para uso publicitár io
181309;2,00%;507;Impressão de material para outros usos
182110;1,00%;507;Serviços de pré-impressão
182290;1,00%;507;Serviços de acabamentos gráficos
183000;1,00%;507;Reprodução de som em qualquer suporte
183000;1,00%;507;Reprodução de vídeo em qualquer suporte
183000;1,00%;507;Reprodução de software em qualquer suport e
191010;2,00%;507;Coquerias
192170;2,00%;507;Fabricação de produtos do refino de petró leo
192250;2,00%;507;Formulação de combustíveis
192250;2,00%;507;Rerrefino de óleos lubrificantes
192259;2,00%;507;Fabricação de outros produtos derivados d o petróleo, exceto produtos do
193140;2,00%;507;Fabricação de álcool - indústria
193220;2,00%;507;Fabricação de biocombustíveis, exceto álc ool
201180;2,00%;507;Fabricação de cloro e álcalis
201260;2,00%;507;Fabricação de intermediários para fertili zantes
201340;2,00%;507;Fabricação de adubos e fertilizantes
201420;2,00%;507;Fabricação de gases industriais
201930;2,00%;507;Elaboração de combustíveis nucleares
201939;2,00%;507;Fabricação de outros produtos químicos in orgânicos não especificados
202150;2,00%;507;Fabricação de produtos petroquímicos bási cos
202230;2,00%;507;Fabricação de intermediários para plastif icantes, resinas e fibras
202910;2,00%;507;Fabricação de produtos químicos orgânicos  não especificados anteriormente
203120;2,00%;507;Fabricação de resinas termoplásticas
203210;2,00%;507;Fabricação de resinas termofixas
203390;2,00%;507;Fabricação de elastômeros
204010;2,00%;507;Fabricação de fibras artificiais e sintét icas
205170;2,00%;507;Fabricação de defensivos agrícolas
205250;2,00%;507;Fabricação de desinfestantes domissanitár ios
206140;2,00%;507;Fabricação de sabões e detergentes sintét icos
206220;2,00%;507;Fabricação de produtos de limpeza e polim ento
206310;2,00%;507;Fabricação de cosméticos, produtos de per fumaria e de higiene pessoal
207110;2,00%;507;Fabricação de tintas, vernizes, esmaltes e lacas
207200;2,00%;507;Fabricação de tintas de impressão
207380;2,00%;507;Fabricação de impermeabilizantes, solvent es e produtos afins
209160;2,00%;507;Fabricação de adesivos e selantes
209240;2,00%;507;Fabricação de pólvoras, explosivos e deto nantes
209240;2,00%;507;Fabricação de artigos pirotécnicos
209240;2,00%;507;Fabricação de fósforos de segurança
209320;2,00%;507;Fabricação de aditivos de uso industrial
209410;2,00%;507;Fabricação de catalisadores
209910;2,00%;507;Fabricação de chapas, filmes, papéis e ou tros materiais e produtos químicos
209919;2,00%;507;Fabricação de outros produtos químicos nã o especificados anteriormente
211060;2,00%;507;Fabricação de produtos farmoquímicos
212110;2,00%;507;Fabricação de medicamentos alopáticos par a uso humano
212110;2,00%;507;Fabricação de medicamentos homeopáticos p ara uso humano
212110;2,00%;507;Fabricação de medicamentos fitoterápicos para uso humano - indústria
212200;2,00%;507;Fabricação de medicamentos para uso veter inário
212380;2,00%;507;Fabricação de preparações farmacêuticas
221110;2,00%;507;Fabricação de pneumáticos e de câmaras-de -ar
221290;2,00%;507;Reforma de pneumáticos usados
221960;2,00%;507;Fabricação de artefatos de borracha não e specificados anteriormente
222180;2,00%;507;Fabricação de laminados planos e tubulare s de material plástico
222260;2,00%;507;Fabricação de embalagens de material plás tico
222340;2,00%;507;Fabricação de tubos e acessórios de mater ial plástico para uso na construção
222930;2,00%;507;Fabricação de artefatos de material plást ico para uso pessoal e doméstico
222930;2,00%;507;Fabricação de artefatos de material plást ico para usos industriais
222930;2,00%;507;Fabricação de artefatos de material plást ico para uso na construção, exceto
222939;2,00%;507;Fabricação de artefatos de material plást ico para outros usos não
231170;1,00%;507;Fabricação de vidro plano e de segurança
231250;1,00%;507;Fabricação de embalagens de vidro
231920;1,00%;507;Fabricação de artigos de vidro
232060;3,00%;507;Fabricação de cimento
233030;3,00%;507;Fabricação de estruturas pré-moldadas de concreto armado, em série e sob
233030;3,00%;507;Fabricação de artefatos de cimento para u so na construção
233030;3,00%;507;Fabricação de artefatos de fibrocimento p ara uso na construção
233030;3,00%;507;Fabricação de casas pré-moldadas de concr eto
233030;3,00%;507;Preparação de massa de concreto e argamas sa para construção
233039;3,00%;507;Fabricação de outros artefatos e produtos  de concreto, cimento,
234190;3,00%;507;Fabricação de produtos cerâmicos refratár ios
234270;3,00%;507;Fabricação de azulejos e pisos
234270;3,00%;507;Fabricação de artefatos de cerâmica e bar ro cozido para uso na construção,
234940;3,00%;507;Fabricação de material sanitário de cerâm ica
234949;3,00%;507;Fabricação de produtos cerâmicos não-refr atários não especificados
239150;2,00%;507;Britamento de pedras, exceto associado à extração
239150;2,00%;507;Aparelhamento de pedras para construção, exceto associado à extração
239150;2,00%;507;Aparelhamento de placas e execução de tra balhos em mármore, granito,
239230;2,00%;507;Fabricação de cal e gesso
239910;2,00%;507;Decoração, lapidação, gravação, vitrifica ção e outros trabalhos em
239919;2,00%;507;Fabricação de outros produtos de minerais  não-metálicos não especificados
241130;1,00%;507;Produção de ferro-gusa
241210;1,00%;507;Produção de ferroligas
242110;3,00%;507;Produção de semi-acabados de aço
242290;3,00%;507;Produção de laminados planos de aço ao ca rbono, revestidos ou não
242290;3,00%;507;Produção de laminados planos de aços espe ciais
242370;3,00%;507;Produção de tubos de aço sem costura
242370;3,00%;507;Produção de laminados longos de aço, exce to tubos
242450;3,00%;507;Produção de arames de aço
242450;3,00%;507;Produção de relaminados, trefilados e per filados de aço, exceto arames
243180;2,00%;507;Produção de tubos de aço com costura
243930;2,00%;507;Produção de outros tubos de ferro e aço
244150;2,00%;507;Produção de alumínio e suas ligas em form as primárias
244150;2,00%;507;Produção de laminados de alumínio
244230;2,00%;507;Metalurgia dos metais preciosos
244310;2,00%;507;Metalurgia do cobre
244910;2,00%;507;Produção de zinco em formas primárias
244910;2,00%;507;Produção de laminados de zinco
244910;2,00%;507;Produção de soldas e ânodos para galvanop lastia
244919;2,00%;507;Metalurgia de outros metais não-ferrosos e suas ligas não especificados
245120;2,00%;507;Fundição de ferro e aço
245210;2,00%;507;Fundição de metais não-ferrosos e suas li gas
251100;2,00%;507;Fabricação de estruturas metálicas
251280;2,00%;507;Fabricação de esquadrias de metal
251360;2,00%;507;Fabricação de obras de caldeiraria pesada
252170;2,00%;507;Fabricação de tanques, reservatórios metá licos e caldeiras para aquecimento
252250;2,00%;507;Fabricação de caldeiras geradoras de vapo r, exceto para aquecimento central
253140;2,00%;507;Produção de forjados de aço
253140;2,00%;507;Produção de forjados de metais não-ferros os e suas ligas
253220;2,00%;507;Produção de artefatos estampados de metal
253220;2,00%;507;Metalurgia do pó
253900;2,00%;507;Serviços de usinagem, solda, tratamento e  revestimento em metais
254110;2,00%;507;Fabricação de artigos de cutelaria
254200;2,00%;507;Fabricação de artigos de serralheria, exc eto esquadrias
254380;2,00%;507;Fabricação de ferramentas
255010;2,00%;507;Fabricação de equipamento bélico pesado, exceto veículos militares de
255010;2,00%;507;Fabricação de armas de fogo e munições
259180;2,00%;507;Fabricação de embalagens metálicas
259260;2,00%;507;Fabricação de produtos de trefilados de m etal padronizados
259260;2,00%;507;Fabricação de produtos de trefilados de m etal, exceto padronizados
259340;2,00%;507;Fabricação de artigos de metal para uso d oméstico e pessoal
259930;2,00%;507;Serviços de confecção de armações metálic as para a construção
259939;2,00%;507;Fabricação de outros produtos de metal nã o especificados anteriormente
261080;1,00%;507;Fabricação de componentes eletrônicos
262130;1,00%;507;Fabricação de equipamentos de informática
262210;1,00%;507;Fabricação de periféricos para equipament os de informática
263110;2,00%;507;Fabricação de equipamentos transmissores de comunicação, peças e
263290;2,00%;507;Fabricação de aparelhos telefônicos e de outros equipamentos de
264000;2,00%;507;Fabricação de aparelhos de recepção, repr odução, gravação e amplificação
265150;1,00%;507;Fabricação de aparelhos e equipamentos de  medida, teste e controle
265230;1,00%;507;Fabricação de cronômetros e relógios
266040;1,00%;507;Fabricação de aparelhos eletromédicos e e letroterapêuticos e equipamentos
267010;1,00%;507;Fabricação de equipamentos e instrumentos  ópticos, peças e acessórios
267010;1,00%;507;Fabricação de aparelhos fotográficos e ci nematográficos, peças e acessórios
268090;1,00%;507;Fabricação de mídias virgens, magnéticas e ópticas
271040;2,00%;507;Fabricação de geradores de corrente contí nua e alternada, peças e acessórios
271040;2,00%;507;Fabricação de transformadores, indutores,  conversores, sincronizadores e
271040;2,00%;507;Fabricação de motores elétricos, peças e acessórios
272100;2,00%;507;Fabricação de pilhas, baterias e acumulad ores elétricos, exceto para veículos
272280;2,00%;507;Fabricação de baterias e acumuladores par a veículos automotores
272280;2,00%;507;Recondicionamento de baterias e acumulado res para veículos automotores
273170;2,00%;507;Fabricação de aparelhos e equipamentos pa ra distribuição e controle de
273250;2,00%;507;Fabricação de material elétrico para inst alações em circuito de consumo
273330;2,00%;507;Fabricação de fios, cabos e condutores el étricos isolados
274060;2,00%;507;Fabricação de lâmpadas
274060;2,00%;507;Fabricação de luminárias e outros equipam entos de iluminação
275110;3,00%;507;Fabricação de fogões, refrigeradores e má quinas de lavar e secar para uso
275970;3,00%;507;Fabricação de aparelhos elétricos de uso pessoal, peças e acessórios
275979;3,00%;507;Fabricação de outros aparelhos eletrodomé sticos não especificados
279020;2,00%;507;Fabricação de eletrodos, contatos e outro s artigos de carvão e grafita para
279020;2,00%;507;Fabricação de equipamentos para sinalizaç ão e alarme
279029;2,00%;507;Fabricação de outros equipamentos e apare lhos elétricos não especificados
281190;2,00%;507;Fabricação de motores e turbinas, peças e  acessórios, exceto para aviões e
281270;2,00%;507;Fabricação de equipamentos hidráulicos e pneumáticos, peças e acessórios,
281350;2,00%;507;Fabricação de válvulas, registros e dispo sitivos semelhantes, peças e
281430;2,00%;507;Fabricação de compressores para uso indus trial, peças e acessórios
281430;2,00%;507;Fabricação de compressores para uso não-i ndustrial, peças e acessórios
281510;2,00%;507;Fabricação de rolamentos para fins indust riais
281510;2,00%;507;Fabricação de equipamentos de transmissão  para fins industriais, exceto
282160;2,00%;507;Fabricação de fornos industriais, aparelh os e equipamentos não-elétricos
282160;2,00%;507;Fabricação de estufas e fornos elétricos para fins industriais, peças e
282240;2,00%;507;Fabricação de máquinas, equipamentos e ap arelhos para transporte e
282240;2,00%;507;Fabricação de máquinas, equipamentos e ap arelhos para transporte e
282320;2,00%;507;Fabricação de máquinas e aparelhos de ref rigeração e ventilação para uso
282410;2,00%;507;Fabricação de aparelhos e equipamentos de  ar condicionado para uso
282410;2,00%;507;Fabricação de aparelhos e equipamentos de  ar condicionado para uso não-
282590;2,00%;507;Fabricação de máquinas e equipamentos par a saneamento básico e
282910;2,00%;507;Fabricação de máquinas de escrever, calcu lar e outros equipamentos não-
282919;2,00%;507;Fabricação de outras máquinas e equipamen tos de uso geral não
283130;2,00%;507;Fabricação de tratores agrícolas, peças e  acessórios
283210;2,00%;507;Fabricação de equipamentos para irrigação  agrícola, peças e acessórios
283300;2,00%;507;Fabricação de máquinas e equipamentos par a a agricultura e pecuária, peças
284020;2,00%;507;Fabricação de máquinas-ferramenta, peças e acessórios
285180;2,00%;507;Fabricação de máquinas e equipamentos par a a prospecção e extração de
285260;2,00%;507;Fabricação de outras máquinas e equipamen tos para uso na extração
285340;2,00%;507;Fabricação de tratores, peças e acessório s, exceto agrícolas
285420;2,00%;507;Fabricação de máquinas e equipamentos par a terraplenagem, pavimentação
286150;2,00%;507;Fabricação de máquinas para a indústria m etalúrgica, peças e acessórios,
286230;2,00%;507;Fabricação de máquinas e equipamentos par a as indústrias de alimentos,
286310;2,00%;507;Fabricação de máquinas e equipamentos par a a indústria têxtil, peças e
286400;2,00%;507;Fabricação de máquinas e equipamentos par a as indústrias do vestuário, do
286580;2,00%;507;Fabricação de máquinas e equipamentos par a as indústrias de celulose,
286660;2,00%;507;Fabricação de máquinas e equipamentos par a a indústria do plástico, peças e
286910;2,00%;507;Fabricação de máquinas e equipamentos par a uso industrial específico não
291070;2,00%;507;Fabricação de automóveis, camionetas e ut ilitários
291070;2,00%;507;Fabricação de chassis com motor para auto móveis, camionetas e utilitários
291070;2,00%;507;Fabricação de motores para automóveis, ca mionetas e utilitários
292040;1,00%;507;Fabricação de caminhões e ônibus
292040;1,00%;507;Fabricação de motores para caminhões e ôn ibus
293010;2,00%;507;Fabricação de cabines, carrocerias e rebo ques para caminhões
293010;2,00%;507;Fabricação de carrocerias para ônibus
293010;2,00%;507;Fabricação de cabines, carrocerias e rebo ques para outros veículos
294170;2,00%;507;Fabricação de peças e acessórios para o s istema motor de veículos
294250;2,00%;507;Fabricação de peças e acessórios para os sistemas de marcha e transmissão
294330;2,00%;507;Fabricação de peças e acessórios para o s istema de freios de veículos
294410;2,00%;507;Fabricação de peças e acessórios para o s istema de direção e suspensão de
294500;2,00%;507;Fabricação de material elétrico e eletrôn ico para veículos automotores,
294920;2,00%;507;Fabricação de bancos e estofados para veí culos automotores
294929;2,00%;507;Fabricação de outras peças e acessórios p ara veículos automotores não
295060;2,00%;507;Recondicionamento e recuperação de motore s para veículos automotores
301130;2,00%;507;Construção de embarcações de grande porte
301130;2,00%;507;Construção de embarcações para uso comerc ial e para usos especiais, exceto
301210;2,00%;507;Construção de embarcações para esporte e lazer
303180;1,00%;507;Fabricação de locomotivas, vagões e outro s materiais rodantes
303260;1,00%;507;Fabricação de peças e acessórios para veí culos ferroviários
305040;2,00%;507;Fabricação de veículos militares de comba te
309110;1,00%;507;Fabricação de motocicletas, peças e acess órios
309200;1,00%;507;Fabricação de bicicletas e triciclos não- motorizados, peças e acessórios
309970;1,00%;507;Fabricação de equipamentos de transporte não especificados anteriormente
310120;2,00%;507;Fabricação de móveis com predominância de  madeira
310210;2,00%;507;Fabricação de móveis com predominância de  metal
310390;2,00%;507;Fabricação de móveis de outros materiais,  exceto madeira e metal
310470;2,00%;507;Fabricação de colchões
321160;1,00%;507;Lapidação de gemas
321160;1,00%;507;Fabricação de artefatos de joalheria e ou rivesaria
321160;1,00%;507;Cunhagem de moedas e medalhas
321240;1,00%;507;Fabricação de bijuterias e artefatos seme lhantes
322050;1,00%;507;Fabricação de instrumentos musicais, peça s e acessórios
323020;2,00%;507;Fabricação de artefatos para pesca e espo rte
324000;1,00%;507;Fabricação de jogos eletrônicos
324000;1,00%;507;Fabricação de mesas de bilhar, de sinuca e acessórios não associada à
324000;1,00%;507;Fabricação de mesas de bilhar, de sinuca e acessórios associada à locação
324009;1,00%;507;Fabricação de outros brinquedos e jogos r ecreativos não especificados
325070;2,00%;507;Fabricação de instrumentos não-eletrônico s e utensílios para uso médico,
325070;2,00%;507;Fabricação de mobiliário para uso médico,  cirúrgico, odontológico e de
325070;2,00%;507;Fabricação de aparelhos e utensílios para  correção de defeitos físicos e
325070;2,00%;507;Fabricação de aparelhos e utensílios para  correção de defeitos físicos e
325070;2,00%;507;Fabricação de materiais para medicina e o dontologia
325070;2,00%;507;Fabricação de artigos ópticos
325070;2,00%;507;Fabricação de artefatos de tecido não tec ido para uso odonto-médico-
329140;1,00%;507;Fabricação de escovas, pincéis e vassoura s
329220;1,00%;507;Fabricação de roupas de proteção e segura nça e resistentes a fogo
329220;1,00%;507;Fabricação de equipamentos e acessórios p ara segurança pessoal e
329900;1,00%;507;Fabricação de guarda-chuvas e similares
329900;1,00%;507;Fabricação de canetas, lápis e outros art igos para escritório
329900;1,00%;507;Fabricação de letras, letreiros e placas de qualquer material, exceto
329900;1,00%;507;Fabricação de painéis e letreiros luminos os
329900;1,00%;507;Fabricação de aviamentos para costura
329909;1,00%;507;Fabricação de produtos diversos não espec ificados anteriormente
331120;1,00%;507;Manutenção e reparação de tanques, reserv atórios metálicos e caldeiras,
331210;1,00%;507;Manutenção e reparação de equipamentos tr ansmissores de comunicação
331210;1,00%;507;Manutenção e reparação de aparelhos e ins trumentos de medida, teste e
331210;1,00%;507;Manutenção e reparação de aparelhos eletr omédicos e eletroterapêuticos e
331210;1,00%;507;Manutenção e reparação de equipamentos e instrumentos ópticos
331390;1,00%;507;Manutenção e reparação de geradores, tran sformadores e motores elétricos
331390;1,00%;507;Manutenção e reparação de baterias e acum uladores elétricos, exceto para
331399;1,00%;507;Manutenção e reparação de máquinas, apare lhos e materiais elétricos não
331470;1,00%;507;Manutenção e reparação de máquinas motriz es não-elétricas
331470;1,00%;507;Manutenção e reparação de equipamentos hi dráulicos e pneumáticos, exceto
331470;1,00%;507;Manutenção e reparação de válvulas indust riais
331470;1,00%;507;Manutenção e reparação de compressores
331470;1,00%;507;Manutenção e reparação de equipamentos de  transmissão para fins
331470;1,00%;507;Manutenção e reparação de máquinas, apare lhos e equipamentos para
331470;1,00%;507;Manutenção e reparação de máquinas e apar elhos de refrigeração e
331470;1,00%;507;Manutenção e reparação de máquinas, equip amentos e aparelhos para
331470;1,00%;507;Manutenção e reparação de máquinas de esc rever, calcular e de outros
331471;1,00%;507;Manutenção e reparação de máquinas e equi pamentos para uso geral não
331471;1,00%;507;Manutenção e reparação de máquinas e equi pamentos para agricultura e
331471;1,00%;507;Manutenção e reparação de tratores agríco las
331471;1,00%;507;Manutenção e reparação de máquinas-ferram enta
331471;1,00%;507;Manutenção e reparação de máquinas e equi pamentos para a prospecção e
331471;1,00%;507;Manutenção e reparação de máquinas e equi pamentos para uso na extração
331471;1,00%;507;Manutenção e reparação de tratores, excet o agrícolas
331471;1,00%;507;Manutenção e reparação de máquinas e equi pamentos de terraplenagem,
331471;1,00%;507;Manutenção e reparação de máquinas para a  indústria metalúrgica, exceto
331471;1,00%;507;Manutenção e reparação de máquinas e equi pamentos para as indústrias de
331472;1,00%;507;Manutenção e reparação de máquinas e equi pamentos para a indústria têxtil,
331472;1,00%;507;Manutenção e reparação de máquinas e apar elhos para a indústria de
331472;1,00%;507;Manutenção e reparação de máquinas e apar elhos para a indústria do
331479;1,00%;507;Manutenção e reparação de outras máquinas  e equipamentos para usos
331550;1,00%;507;Manutenção e reparação de veículos ferrov iários
331980;1,00%;507;Manutenção e reparação de equipamentos e produtos não especificados
332100;2,00%;507;Instalação de máquinas e equipamentos ind ustriais
332950;2,00%;507;Serviços de montagem de móveis de qualque r material
332959;2,00%;507;Instalação de outros equipamentos não esp ecificados anteriormente
351150;2,00%;507;Geração de energia elétrica
351230;2,00%;507;Transmissão de energia elétrica
351310;2,00%;507;Comércio atacadista de energia elétrica
351400;2,00%;507;Distribuição de energia elétrica
352040;1,00%;507;"Produção de gás; processamento de gás nat ural"
353010;1,00%;507;Produção e distribuição de vapor, água qu ente e ar condicionado
360060;2,00%;507;Captação, tratamento e distribuição de ág ua
370110;3,00%;507;Gestão de redes de esgoto
382110;3,00%;507;Tratamento e disposição de resíduos não-p erigosos
382200;3,00%;507;Tratamento e disposição de resíduos perig osos
383190;3,00%;507;Recuperação de sucatas de alumínio
383199;3,00%;507;Recuperação de materiais metálicos, excet o alumínio
383270;3,00%;507;Recuperação de materiais plásticos
383940;3,00%;507;Usinas de compostagem
383949;3,00%;507;Recuperação de materiais não especificado s anteriormente
390050;3,00%;507;Descontaminação e outros serviços de gest ão de resíduos
412040;3,00%;507;Construção de edifícios
421110;2,00%;507;Construção de rodovias e ferrovias
421110;2,00%;507;Pintura para sinalização em pistas rodovi árias e aeroportos
421200;2,00%;507;Construção de obras-de-arte especiais
421380;2,00%;507;Obras de urbanização - ruas, praças e cal çadas
422190;3,00%;507;Construção de barragens e represas para g eração de energia elétrica
422190;3,00%;507;Construção de estações e redes de distrib uição de energia elétrica
422190;3,00%;507;Manutenção de redes de distribuição de en ergia elétrica
422190;3,00%;507;Construção de estações e redes de telecom unicações
422190;3,00%;507;Manutenção de estações e redes de telecom unicações
422270;3,00%;507;Construção de redes de abastecimento de á gua, coleta de esgoto e
422270;3,00%;507;Obras de irrigação
422350;3,00%;507;Construção de redes de transportes por du tos, exceto para água e esgoto
429100;3,00%;507;Obras portuárias, marítimas e fluviais
429280;3,00%;507;Montagem de estruturas metálicas
429280;3,00%;507;Obras de montagem industrial
429950;3,00%;507;Construção de instalações esportivas e re creativas
429959;3,00%;507;Outras obras de engenharia civil não espe cificadas anteriormente
431180;2,00%;507;Demolição de edifícios e outras estrutura s
431180;2,00%;507;Preparação de canteiro e limpeza de terre no
431260;2,00%;507;Perfurações e sondagens
431340;2,00%;507;Obras de terraplenagem
431930;2,00%;507;Serviços de preparação do terreno não esp ecificados anteriormente
432150;2,00%;507;Instalação e manutenção elétrica
432230;2,00%;507;Instalações hidráulicas, sanitárias e de gás
432230;2,00%;507;Instalação e manutenção de sistemas centr ais de ar condicionado, de
432230;2,00%;507;Instalações de sistema de prevenção contr a incêndio
432910;2,00%;507;Instalação de painéis publicitários
432910;2,00%;507;Instalação de equipamentos para orientaçã o à navegação marítima, fluvial e
432910;2,00%;507;Instalação, manutenção e reparação de ele vadores, escadas e esteiras
432910;2,00%;507;Montagem e instalação de sistemas e equip amentos de iluminação e
432910;2,00%;507;Tratamentos térmicos, acústicos ou de vib ração
432919;2,00%;507;Outras obras de instalações em construçõe s não especificadas anteriormente
433040;2,00%;507;Impermeabilização em obras de engenharia civil
433040;2,00%;507;Instalação de portas, janelas, tetos, div isórias e armários embutidos de
433040;2,00%;507;Obras de acabamento em gesso e estuque
433040;2,00%;507;Serviços de pintura de edifícios em geral
433040;2,00%;507;Aplicação de revestimentos e de resinas e m interiores e exteriores
433049;2,00%;507;Outras obras de acabamento da construção
439160;3,00%;507;Obras de fundações
439910;3,00%;507;Administração de obras
439910;3,00%;507;Montagem e desmontagem de andaimes e outr as estruturas temporárias
439910;3,00%;507;Obras de alvenaria
439910;3,00%;507;Serviços de operação e fornecimento de eq uipamentos para transporte e
439910;3,00%;507;Perfuração e construção de poços de água
439919;3,00%;507;Serviços especializados para construção n ão especificados anteriormente
452000;2,00%;507;Serviços de manutenção e reparação mecâni ca de veículos automotores
452000;2,00%;507;Serviços de lanternagem ou funilaria e pi ntura de veículos automotores
452000;2,00%;507;Serviços de manutenção e reparação elétri ca de veículos automotores
452000;2,00%;507;Serviços de alinhamento e balanceamento d e veículos automotores
452000;2,00%;507;Serviços de borracharia para veículos aut omotores
452000;2,00%;507;Serviços de instalação, manutenção e repa ração de acessórios para veículos
454390;2,00%;507;Manutenção e reparação de motocicletas e motonetas
472110;1,00%;507;Padaria e confeitaria com predominância d e produção própria
491160;1,00%;507;Transporte ferroviário de carga
491240;1,00%;507;Transporte ferroviário de passageiros int ermunicipal e interestadual
491240;1,00%;507;Transporte ferroviário de passageiros mun icipal e em região metropolitana
491240;1,00%;507;Transporte metroviário
494000;1,00%;507;Transporte dutoviário
495070;1,00%;507;Trens turísticos, teleféricos e similares
522140;1,00%;507;Concessionárias de rodovias, pontes, túne is e serviços relacionados
531050;3,00%;507;Atividades do Correio Nacional
531050;3,00%;507;Atividades de franqueadas e permissionári as do Correio Nacional
562010;1,00%;507;Fornecimento de alimentos preparados prep onderantemente para empresas
591110;1,00%;507;Estúdios cinematográficos - Ind. Cinemato gráficas, inclusive laboratórios
611080;2,00%;507;Serviços de telefonia fixa comutada - STF C
611080;2,00%;507;Serviços de redes de transporte de teleco municações - SRTT
611080;2,00%;507;Serviços de comunicação multimídia - SCM
611089;2,00%;507;Serviços de telecomunicações por fio não especificados anteriormente
612050;2,00%;507;Telefonia móvel celular
612050;2,00%;507;Serviço móvel especializado - SME
612059;2,00%;507;Serviços de telecomunicações sem fio não especificados anteriormente
613020;2,00%;507;Telecomunicações por satélite
619060;2,00%;507;Provedores de acesso às redes de comunica ções
619060;2,00%;507;Provedores de voz sobre protocolo interne t - VOIP
619069;2,00%;507;Outras atividades de telecomunicações não  especificadas anteriormente
620230;1,00%;507;Desenvolvimento e licenciamento de progra mas de computador
620310;1,00%;507;Desenvolvimento e licenciamento de progra mas de computador não-
711200;1,00%;507;Serviços de engenharia, inclusive engenha ria consultiva (art. 577 Dec.Lei
910230;1,00%;507;Restauração e conservação de lugares e pr édios históricos
325070;2,00%;515;Serviços de prótese dentária - Pessoa Jur ídica
352040;1,00%;515;Distribuição de combustíveis gasosos por redes urbanas
370290;3,00%;515;Atividades relacionadas a esgoto, exceto a gestão de redes
381140;3,00%;515;Coleta de resíduos não-perigosos
381220;3,00%;515;Coleta de resíduos perigosos
411070;2,00%;515;Incorporação de empreendimentos imobiliár ios
451110;2,00%;515;Comércio a varejo de automóveis, camionet as e utilitários novos
451110;2,00%;515;Comércio a varejo de automóveis, camionet as e utilitários usados
451110;2,00%;515;Comércio por atacado de automóveis, camio netas e utilitários novos e
451110;2,00%;515;Comércio por atacado de caminhões novos e  usados
451110;2,00%;515;Comércio por atacado de reboques e semi-r eboques novos e usados
451110;2,00%;515;Comércio por atacado de ônibus e microôni bus novos e usados
451290;2,00%;515;Representantes comerciais e agentes do co mércio de veículos automotores
451290;2,00%;515;Comércio sob consignação de veículos auto motores
452000;2,00%;515;Serviços de lavagem, lubrificação e polim ento de veículos automotores
453070;2,00%;515;Comércio por atacado de peças e acessório s novos para veículos
453070;2,00%;515;Comércio por atacado de pneumáticos e câm aras-de-ar
453070;2,00%;515;Comércio a varejo de peças e acessórios n ovos para veículos automotores
453070;2,00%;515;Comércio a varejo de peças e acessórios u sados para veículos automotores
453070;2,00%;515;Comércio a varejo de pneumáticos e câmara s-de-ar
453070;2,00%;515;Representantes comerciais e agentes do co mércio de peças e acessórios
454120;2,00%;515;Comércio por atacado de motocicletas e mo tonetas
454120;2,00%;515;Comércio por atacado de peças e acessório s para motocicletas e motonetas
454120;2,00%;515;Comércio a varejo de motocicletas e moton etas novas
454120;2,00%;515;Comércio a varejo de motocicletas e moton etas usadas
454120;2,00%;515;Comércio a varejo de peças e acessórios p ara motocicletas e motonetas
454210;2,00%;515;Representantes comerciais e agentes do co mércio de motocicletas e
454210;2,00%;515;Comércio sob consignação de motocicletas e motonetas
461170;2,00%;515;Representantes comerciais e agentes do co mércio de matérias-primas
461250;2,00%;515;Representantes comerciais e agentes do co mércio de combustíveis,
461330;2,00%;515;Representantes comerciais e agentes do co mércio de madeira, material de
461410;2,00%;515;Representantes comerciais e agentes do co mércio de máquinas,
461500;2,00%;515;Representantes comerciais e agentes do co mércio de eletrodomésticos,
461680;2,00%;515;Representantes comerciais e agentes do co mércio de têxteis, vestuário,
461760;2,00%;515;Representantes comerciais e agentes do co mércio de produtos alimentícios,
461840;2,00%;515;Representantes comerciais e agentes do co mércio de medicamentos,
461840;2,00%;515;Representantes comerciais e agentes do co mércio de instrumentos e
461840;2,00%;515;Representantes comerciais e agentes do co mércio de jornais, revistas e
461849;2,00%;515;Outros representantes comerciais e agente s do comércio especializado em
461920;2,00%;515;Representantes comerciais e agentes do co mércio de mercadorias em geral
462140;2,00%;515;Comércio atacadista de café em grão
462220;2,00%;515;Comércio atacadista de soja
462310;2,00%;515;Comércio atacadista de animais vivos
462310;2,00%;515;Comércio atacadista de couros, lãs, peles  e outros subprodutos não-
462310;2,00%;515;Comércio atacadista de algodão
462310;2,00%;515;Comércio atacadista de fumo em folha não beneficiado
462310;2,00%;515;Comércio atacadista de cacau
462310;2,00%;515;Comércio atacadista de sementes, flores, plantas e gramas
462310;2,00%;515;Comércio atacadista de sisal
462310;2,00%;515;Comércio atacadista de matérias-primas ag rícolas com atividade de
462310;2,00%;515;Comércio atacadista de alimentos para ani mais
462319;2,00%;515;Comércio atacadista de matérias-primas ag rícolas não especificadas
463110;2,00%;515;Comércio atacadista de leite e laticínios
463200;2,00%;515;Comércio atacadista de cereais e legumino sas beneficiados
463200;2,00%;515;Comércio atacadista de farinhas, amidos e  féculas
463200;2,00%;515;Comércio atacadista de cereais e legumino sas beneficiados, farinhas,
463380;2,00%;515;Comércio atacadista de frutas, verduras, raízes, tubérculos, hortaliças e
463380;2,00%;515;Comércio atacadista de aves vivas e ovos
463380;2,00%;515;Comércio atacadista de coelhos e outros p equenos animais vivos para
463460;1,00%;515;Comércio atacadista de carnes bovinas e s uínas e derivados
463460;1,00%;515;Comércio atacadista de aves abatidas e de rivados
463460;1,00%;515;Comércio atacadista de pescados e frutos do mar
463469;1,00%;515;Comércio atacadista de carnes e derivados  de outros animais
463540;1,00%;515;Comércio atacadista de água mineral
463540;1,00%;515;Comércio atacadista de cerveja, chope e r efrigerante
463540;1,00%;515;Comércio atacadista de bebidas com ativid ade de fracionamento e
463549;1,00%;515;Comércio atacadista de bebidas não especi ficadas anteriormente
463620;1,00%;515;Comércio atacadista de fumo beneficiado
463620;1,00%;515;Comércio atacadista de cigarros, cigarril has e charutos
463710;1,00%;515;Comércio atacadista de café torrado, moíd o e solúvel
463710;1,00%;515;Comércio atacadista de açúcar
463710;1,00%;515;Comércio atacadista de óleos e gorduras
463710;1,00%;515;Comércio atacadista de pães, bolos, bisco itos e similares
463710;1,00%;515;Comércio atacadista de massas alimentícia s
463710;1,00%;515;Comércio atacadista de sorvetes
463710;1,00%;515;Comércio atacadista de chocolates, confei tos, balas, bombons e semelhantes
463719;1,00%;515;Comércio atacadista especializado em outr os produtos alimentícios não
463970;1,00%;515;Comércio atacadista de produtos alimentíc ios em geral
463970;1,00%;515;Comércio atacadista de produtos alimentíc ios em geral, com atividade de
464190;1,00%;515;Comércio atacadista de tecidos
464190;1,00%;515;Comércio atacadista de artigos de cama, m esa e banho
464190;1,00%;515;Comércio atacadista de artigos de armarin ho
464270;1,00%;515;Comércio atacadista de artigos do vestuár io e acessórios, exceto
464270;1,00%;515;Comércio atacadista de roupas e acessório s para uso profissional e de
464350;1,00%;515;Comércio atacadista de calçados
464350;1,00%;515;Comércio atacadista de bolsas, malas e ar tigos de viagem
464430;1,00%;515;Comércio atacadista de medicamentos e dro gas de uso humano
464430;1,00%;515;Comércio atacadista de medicamentos e dro gas de uso veterinário
464510;1,00%;515;Comércio atacadista de instrumentos e mat eriais para uso médico, cirúrgico,
464510;1,00%;515;Comércio atacadista de próteses e artigos  de ortopedia
464510;1,00%;515;Comércio atacadista de produtos odontológ icos
464600;1,00%;515;Comércio atacadista de cosméticos e produ tos de perfumaria
464600;1,00%;515;Comércio atacadista de produtos de higien e pessoal
464780;1,00%;515;Comércio atacadista de artigos de escritó rio e de papelaria
464780;1,00%;515;Comércio atacadista de livros, jornais e outras publicações
464940;1,00%;515;Comércio atacadista de equipamentos elétr icos de uso pessoal e doméstico
464940;1,00%;515;Comércio atacadista de aparelhos eletrôni cos de uso pessoal e doméstico
464940;1,00%;515;Comércio atacadista de bicicletas, tricic los e outros veículos recreativos
464940;1,00%;515;Comércio atacadista de móveis e artigos d e colchoaria
464940;1,00%;515;"Comércio atacadista de artigos de tapeçar ia; persianas e cortinas"
464940;1,00%;515;Comércio atacadista de lustres, luminária s e abajures
464940;1,00%;515;Comércio atacadista de filmes, CDs, DVDs,  fitas e discos
464940;1,00%;515;Comércio atacadista de produtos de higien e, limpeza e conservação
464940;1,00%;515;Comércio atacadista de produtos de higien e, limpeza e conservação
464941;1,00%;515;Comércio atacadista de jóias, relógios e bijuterias, inclusive pedras
464949;1,00%;515;Comércio atacadista de outros equipamento s e artigos de uso pessoal e
465160;1,00%;515;Comércio atacadista de equipamentos de in formática
465160;1,00%;515;Comércio atacadista de suprimentos para i nformática
465240;1,00%;515;Comércio atacadista de componentes eletrô nicos e equipamentos de
466130;1,00%;515;Comércio atacadista de máquinas, aparelho s e equipamentos para uso
466210;1,00%;515;Comércio atacadista de máquinas, equipame ntos para terraplenagem,
466300;1,00%;515;"Comércio atacadista de máquinas e equipam entos para uso industrial; partes"
466480;1,00%;515;Comércio atacadista de máquinas, aparelho s e equipamentos para uso
466560;1,00%;515;"Comércio atacadista de máquinas e equipam entos para uso comercial; partes"
466990;1,00%;515;"Comércio atacadista de bombas e compresso res; partes e peças"
466999;1,00%;515;Comércio atacadista de outras máquinas e equipamentos não especificados
467110;1,00%;515;Comércio atacadista de madeira e produtos  derivados
467290;1,00%;515;Comércio atacadista de ferragens e ferram entas
467370;1,00%;515;Comércio atacadista de material elétrico
467450;1,00%;515;Comércio atacadista de cimento
467960;1,00%;515;Comércio atacadista de tintas, vernizes e  similares
467960;1,00%;515;Comércio atacadista de mármores e granito s
467960;1,00%;515;Comércio atacadista de vidros, espelhos e  vitrais
467960;1,00%;515;Comércio atacadista especializado de mate riais de construção não
467969;1,00%;515;Comércio atacadista de materiais de const rução em geral
468180;1,00%;515;Comércio atac de álcool carburante, biodi esel, gasolina e demais derivados
468180;1,00%;515;Comércio atacadista de combustíveis reali zado por transportador retalhista
468180;1,00%;515;Comércio atacadista de combustíveis de or igem vegetal, exceto álcool
468180;1,00%;515;Comércio atacadista de combustíveis de or igem mineral em bruto exceto
468180;1,00%;515;Comércio atacadista de lubrificantes exce to pessoal de transporte
468260;1,00%;515;Comércio atacadista de gás liqüefeito de petróleo (GLP) exceto pessoal de
468340;1,00%;515;Comércio atacadista de defensivos agrícol as, adubos, fertilizantes e
468420;1,00%;515;Comércio atacadista de resinas e elastôme ros
468420;1,00%;515;Comércio atacadista de solventes
468429;1,00%;515;Comércio atacadista de outros produtos qu ímicos e petroquímicos não
468510;1,00%;515;Comércio atacadista de produtos siderúrgi cos e metalúrgicos, exceto para
468690;1,00%;515;Comércio atacadista de papel e papelão em  bruto
468690;1,00%;515;Comércio atacadista de embalagens
468770;1,00%;515;Comércio atacadista de resíduos de papel e papelão
468770;1,00%;515;Comércio atacadista de resíduos e sucatas  não-metálicos, exceto de papel e
468770;1,00%;515;Comércio atacadista de resíduos e sucatas  metálicos
468930;1,00%;515;Comércio atacadista de produtos da extraç ão mineral, exceto combustíveis
468930;1,00%;515;Comércio atacadista de fios e fibras têxt eis beneficiados
468939;1,00%;515;Comércio atacadista especializado em outr os produtos intermediários não
469150;1,00%;515;Comércio atacadista de mercadorias em ger al, com predominância de
469230;1,00%;515;Comércio atacadista de mercadorias em ger al, com predominância de
469310;1,00%;515;Comércio atacadista de mercadorias em ger al, sem predominância de
471130;2,00%;515;Comércio varejista de mercadorias em gera l, com predominância de
471130;2,00%;515;Comércio varejista de mercadorias em gera l, com predominância de
471210;1,00%;515;Comércio varejista de mercadorias em gera l, com predominância de
471300;1,00%;515;Lojas de departamentos ou magazines
471300;1,00%;515;Lojas de variedades, exceto lojas de depa rtamentos ou magazines
471300;1,00%;515;Lojas duty free de aeroportos internacion ais
472110;1,00%;515;Padaria e confeitaria com predominância d e revenda
472110;1,00%;515;Comércio varejista de laticínios e frios
472110;1,00%;515;Comércio varejista de doces, balas, bombo ns e semelhantes
472290;1,00%;515;Comércio varejista de carnes - açougues
472290;1,00%;515;Peixaria
472370;1,00%;515;Comércio varejista de bebidas
472450;1,00%;515;Comércio varejista de hortifrutigranjeiro s
472960;1,00%;515;Tabacaria
472969;1,00%;515;Comércio varejista de produtos alimentíci os em geral ou especializado em
473180;1,00%;515;Comércio varejista de combustíveis para v eículos automotores
473260;1,00%;515;Comércio varejista de lubrificantes
474150;1,00%;515;Comércio varejista de tintas e materiais para pintura
474230;1,00%;515;Comércio varejista de material elétrico
474310;1,00%;515;Comércio varejista de vidros
474400;1,00%;515;Comércio varejista de ferragens e ferrame ntas
474400;1,00%;515;Comércio varejista de madeira e artefatos
474400;1,00%;515;Comércio varejista de materiais hidráulic os
474400;1,00%;515;Comércio varejista de cal, areia, pedra b ritada, tijolos e telhas
474400;1,00%;515;Comércio varejista de materiais de constr ução não especificados
474409;1,00%;515;Comércio varejista de materiais de constr ução em geral
475120;1,00%;515;Comércio varejista especializado de equip amentos e suprimentos de
475210;1,00%;515;Comércio varejista especializado de equip amentos de telefonia e
475390;1,00%;515;Comércio varejista especializado de eletr odomésticos e equipamentos de
475470;1,00%;515;Comércio varejista de móveis
475470;1,00%;515;Comércio varejista de artigos de colchoar ia
475470;1,00%;515;Comércio varejista de artigos de iluminaç ão
475550;1,00%;515;Comércio varejista de tecidos
475550;1,00%;515;Comercio varejista de artigos de armarinh o
475550;1,00%;515;Comercio varejista de artigos de cama, me sa e banho
475630;1,00%;515;Comércio varejista especializado de instr umentos musicais e acessórios
475710;1,00%;515;Comércio varejista especializado de peças  e acessórios para aparelhos
475980;1,00%;515;Comércio varejista de artigos de tapeçari a, cortinas e persianas
475989;1,00%;515;Comércio varejista de outros artigos de u so doméstico não especificados
476100;1,00%;515;Comércio varejista de livros
476100;1,00%;515;Comércio varejista de jornais e revistas
476100;1,00%;515;Comércio varejista de artigos de papelari a
476280;1,00%;515;Comércio varejista de discos, CDs, DVDs e  fitas
476360;1,00%;515;Comércio varejista de brinquedos e artigo s recreativos
476360;1,00%;515;Comércio varejista de artigos esportivos
476360;1,00%;515;"Comércio varejista de bicicletas e tricic los; peças e acessórios"
476360;1,00%;515;Comércio varejista de artigos de caça, pe sca e camping
476360;1,00%;515;"Comércio varejista de embarcações e outro s veículos recreativos; peças e"
477170;1,00%;515;Comércio varejista de produtos farmacêuti cos, sem manipulação de
477170;1,00%;515;Comércio varejista de produtos farmacêuti cos, com manipulação de
477170;1,00%;515;Comércio varejista de produtos farmacêuti cos homeopáticos
477170;1,00%;515;Comércio varejista de medicamentos veteri nários
477250;1,00%;515;Comércio varejista de cosméticos, produto s de perfumaria e de higiene
477330;1,00%;515;Comércio varejista de artigos médicos e o rtopédicos
477410;1,00%;515;Comércio varejista de artigos de óptica
478140;1,00%;515;Comércio varejista de artigos do vestuári o e acessórios
478220;1,00%;515;Comércio varejista de calçados
478220;1,00%;515;Comércio varejista de artigos de viagem
478310;1,00%;515;Comércio varejista de artigos de joalheri a
478310;1,00%;515;Comércio varejista de artigos de relojoar ia
478490;1,00%;515;Comércio varejista de gás liqüefeito de p etróleo (GLP)
478570;1,00%;515;Comércio varejista de antigüidades
478579;1,00%;515;Comércio varejista de outros artigos usad os
478900;1,00%;515;Comércio varejista de suvenires, bijuteri as e artesanatos
478900;1,00%;515;Comércio varejista de plantas e flores na turais
478900;1,00%;515;Comércio varejista de objetos de arte
478900;1,00%;515;Comércio varejista de animais vivos e de artigos e alimentos para animais
478900;1,00%;515;Comércio varejista de produtos saneantes domissanitários
478900;1,00%;515;Comércio varejista de fogos de artifício e artigos pirotécnicos
478900;1,00%;515;Comércio varejista de equipamentos para e scritório
478900;1,00%;515;Comércio varejista de artigos fotográfico s e para filmagem
478900;1,00%;515;Comércio varejista de armas e munições
478909;1,00%;515;Comércio varejista de outros produtos não  especificados anteriormente
521170;2,00%;515;Armazéns gerais - emissão de warrant
521170;2,00%;515;Guarda-móveis
521179;2,00%;515;Depósitos de mercadorias para terceiros, exceto armazéns gerais e guarda-
522220;1,00%;515;Terminais rodoviários e ferroviários
522310;1,00%;515;Estacionamento de veículos
522900;1,00%;515;Serviços de apoio ao transporte por táxi,  inclusive centrais de chamada
522909;1,00%;515;Outras atividades auxiliares dos transpor tes terrestres não especificadas
525080;1,00%;515;Comissaria de despachos
525080;1,00%;515;Atividades de despachantes aduaneiros
525080;1,00%;515;Agenciamento de cargas, exceto para o tra nsporte marítimo
525080;1,00%;515;Organização logística do transporte de ca rga
525080;1,00%;515;Operador de transporte multimodal - OTM
551080;1,00%;515;Hotéis
551080;1,00%;515;Apart-hotéis
551080;1,00%;515;Motéis
559060;1,00%;515;Albergues, exceto assistenciais
559060;1,00%;515;Campings
559060;1,00%;515;Pensões (alojamento)
559069;1,00%;515;Outros alojamentos não especificados ante riormente
561120;1,00%;515;Restaurantes e similares
561120;1,00%;515;Bares e outros estabelecimentos especiali zados em servir bebidas
561120;1,00%;515;Lanchonetes, casas de chá, de sucos e sim ilares
561210;1,00%;515;Serviços ambulantes de alimentação
562010;1,00%;515;Serviços de alimentação para eventos e re cepções - bufê
562010;1,00%;515;Cantinas - serviços de alimentação privat ivos
562010;1,00%;515;Fornecimento de alimentos preparados prep onderantemente para consumo
602250;3,00%;515;Atividades relacionadas à televisão por a ssinatura, exceto programadoras
614180;2,00%;515;Operadoras de televisão por assinatura po r cabo
614260;2,00%;515;Operadoras de televisão por assinatura po r microondas
614340;2,00%;515;Operadoras de televisão por assinatura po r satélite
620150;1,00%;515;Desenvolvimento de programas de computado r sob encomenda
620400;1,00%;515;Consultoria em tecnologia da informação
620910;1,00%;515;Suporte técnico, manutenção e outros serv iços em tecnologia da informação
631190;1,00%;515;Tratamento de dados, provedores de serviç os de aplicação e serviços de
631940;1,00%;515;Portais, provedores de conteúdo e outros serviços de informação na internet
639920;1,00%;515;Outras atividades de prestação de serviço s de informação não especificadas
643440;1,00%;515;Agências de fomento
646110;1,00%;515;Holdings de instituições financeiras
646200;1,00%;515;Holdings de instituições não-financeiras
646380;1,00%;515;Outras sociedades de participação, exceto  holdings
649130;1,00%;515;Sociedades de fomento mercantil - factori ng
649300;1,00%;515;Administração de consórcios para aquisiçã o de bens e direitos
661340;1,00%;515;Administração de cartões de crédito
661930;1,00%;515;Representações de bancos estrangeiros
661930;1,00%;515;Operadoras de cartões de débito
661939;1,00%;515;Outras atividades auxiliares dos serviços  financeiros não especificadas
662150;1,00%;515;Peritos e avaliadores de seguros - Pessoa  Jurídica
662150;1,00%;515;Auditoria e consultoria atuarial - Pessoa  Jurídica
663040;2,00%;515;Atividades de administração de fundos por  contrato ou comissão
681020;1,00%;515;Compra e venda de imóveis próprios
681020;1,00%;515;Aluguel de imóveis próprios
682180;1,00%;515;Corretagem na compra e venda e avaliação de imóveis - Pessoa Jurídica
682180;1,00%;515;Corretagem no aluguel de imóveis - Pessoa  Jurídica
682260;1,00%;515;Gestão e administração da propriedade imo biliária
691170;1,00%;515;Serviços advocatícios - Pessoa Jurídica
691170;1,00%;515;Atividades auxiliares da justiça
691170;1,00%;515;Agente de propriedade industrial
692060;1,00%;515;Atividades de contabilidade - Pessoa Jurí dica
692060;1,00%;515;Atividades de consultoria e auditoria con tábil e tributária - Pessoa Jurídica
702040;1,00%;515;Atividades de consultoria em gestão empre sarial, exceto consultoria técnica
711110;1,00%;515;Serviços de arquitetura - Pessoa Jurídica
711970;1,00%;515;Serviços de cartografia, topografia e geo désia - Pessoa Jurídica
711970;1,00%;515;Atividades de estudos geológicos - Pessoa  Jurídica
711970;1,00%;515;Serviços de desenho técnico relacionados à arquitetura e engenharia -
711970;1,00%;515;Serviços de perícia técnica relacionados à segurança do trabalho - Pessoa
711979;1,00%;515;Atividades técnicas relacionadas à engenh aria e arquitetura não
712010;3,00%;515;Testes e análises técnicas - Pessoa Juríd ica
721000;1,00%;515;Pesquisa e desenvolvimento experimental e m ciências físicas e naturais -
731900;1,00%;515;Promoção de vendas
731900;1,00%;515;Consultoria em publicidade
732030;2,00%;515;Pesquisas de mercado e de opinião pública
742000;1,00%;515;Serviços de microfilmagem
749010;1,00%;515;Serviços de agronomia e de consultoria às  atividades agrícolas e pecuárias -
749010;1,00%;515;Atividades de intermediação e agenciament o de serviços e negócios em
749010;1,00%;515;Agenciamento de profissionais para ativid ades esportivas, culturais e
749019;1,00%;515;Outras atividades profissionais, científi cas e técnicas não especificadas
750010;1,00%;515;Atividades veterinárias - Pessoa Jurídica
771950;1,00%;515;Locação de embarcações sem tripulação, ex ceto para fins recreativos
771959;1,00%;515;Locação de outros meios de transporte não especific ados anteriormente, sem
772170;1,00%;515;Aluguel de equipamentos recreativos e esp ortivos
772250;1,00%;515;Aluguel de fitas de vídeo, DVDs e similar es
772330;1,00%;515;Aluguel de objetos do vestuário, jóias e acessórios
772920;1,00%;515;Aluguel de aparelhos de jogos eletrônicos
772920;1,00%;515;"Aluguel de móveis, utensílios e aparelhos  de uso doméstico e pessoal;"
772920;1,00%;515;Aluguel de material médico
772929;1,00%;515;Aluguel de outros objetos pessoais e domé sticos não especificados
773140;1,00%;515;Aluguel de máquinas e equipamentos agríco las sem operador
773220;1,00%;515;Aluguel de máquinas e equipamentos para c onstrução sem operador, exceto
773220;1,00%;515;Aluguel de andaimes
773310;1,00%;515;Aluguel de máquinas e equipamentos para e scritório
773900;1,00%;515;Aluguel de máquinas e equipamentos para e xtração de minérios e petróleo,
773900;1,00%;515;Aluguel de equipamentos científicos, médi cos e hospitalares, sem operador
773900;1,00%;515;Aluguel de palcos, coberturas e outras es truturas de uso temporário, exceto
773909;1,00%;515;Aluguel de outras máquinas e equipamentos  comerciais e industriais não
774030;1,00%;515;Gestão de ativos intangíveis não-financei ros
781080;2,00%;515;Seleção e agenciamento de mão-de-obra
783020;2,00%;515;Fornecimento e gestão de recursos humanos  para terceiros (Empresas em
791120;1,00%;515;Agências de viagens
791210;1,00%;515;Operadores turísticos
799020;1,00%;515;Serviços de reservas e outros serviços de  turismo não especificados
801110;3,00%;515;Atividades de vigilância e segurança priv ada
801110;3,00%;515;Serviços de adestramento de cães de guard a
802000;2,00%;515;Atividades de monitoramento de sistemas d e segurança
803070;3,00%;515;Atividades de investigação particular
811170;3,00%;515;Serviços combinados para apoio a edifício s, exceto condomínios prediais
812140;3,00%;515;Limpeza em prédios e em domicílios
812220;3,00%;515;Imunização e controle de pragas urbanas
812900;3,00%;515;Atividades de limpeza não especificadas a nteriormente
813030;1,00%;515;Atividades paisagísticas
821130;1,00%;515;Serviços combinados de escritório e apoio  administrativo
821990;1,00%;515;Fotocópias
821999;1,00%;515;Preparação de documentos e serviços especializados de apoio administrativo
822020;3,00%;515;Atividades de teleatendimento
823000;1,00%;515;Serviços de organização de feiras, congre ssos, exposições e festas
823000;1,00%;515;Casas de festas e eventos
829110;1,00%;515;Atividades de cobrança e informações cada strais
829200;2,00%;515;Envasamento e empacotamento sob contrato
829970;1,00%;515;Medição de consumo de energia elétrica, g ás e água
829970;1,00%;515;Emissão de vales-alimentação, vales-trans porte e similares
829970;1,00%;515;Serviços de gravação de carimbos, exceto confecção
829970;1,00%;515;Leiloeiros independentes
829970;1,00%;515;Serviços de levantamento de fundos sob co ntrato
829970;1,00%;515;Casas lotéricas
829970;1,00%;515;Salas de acesso à internet
829979;1,00%;515;Outras atividades de serviços prestados p rincipalmente às empresas não
842300;2,00%;515;Justiça (Terceirizações em presídios)
859110;1,00%;515;Ensino de esportes
859290;1,00%;515;Ensino de dança
859290;1,00%;515;Ensino de artes cênicas, exceto dança
859290;1,00%;515;Ensino de música
859299;1,00%;515;Ensino de arte e cultura não especificado  anteriormente
859370;1,00%;515;Ensino de idiomas
859960;1,00%;515;Formação de condutores
859960;1,00%;515;Cursos de pilotagem
859960;1,00%;515;Treinamento em informática
859960;1,00%;515;Treinamento em desenvolvimento profission al e gerencial
859960;1,00%;515;Cursos preparatórios para concursos
859969;1,00%;515;Outras atividades de ensino não especific adas anteriormente
861010;2,00%;515;Atividades de atendimento hospitalar, exc eto pronto-socorro e unidades
861010;2,00%;515;Atividades de atendimento em pronto-socor ro e unidades hospitalares para
862160;2,00%;515;UTI móvel
862160;2,00%;515;Serviços móveis de atendimento a urgência s, exceto por UTI móvel
863050;2,00%;515;Atividade médica ambulatorial com recurso s para realização de
863050;2,00%;515;Atividade médica ambulatorial com recurso s para realização de exames
863050;2,00%;515;Atividade médica ambulatorial restrita a consultas - Pessoa Jurídica
863050;2,00%;515;Atividade odontológica com recursos para realização de procedimentos
863050;2,00%;515;Atividade odontológica sem recursos para realização de procedimentos
863050;2,00%;515;Serviços de vacinação e imunização humana
863050;2,00%;515;Atividades de reprodução humana assistida
863059;2,00%;515;Atividades de atenção ambulatorial não es pecificadas anteriormente
864020;1,00%;515;Laboratórios de anatomia patológica e cit ológica
864020;1,00%;515;Laboratórios clínicos
864020;1,00%;515;Serviços de diálise e nefrologia
864020;1,00%;515;Serviços de tomografia
864020;1,00%;515;Serviços de diagnóstico por imagem com us o de radiação ionizante, exceto
864020;1,00%;515;Serviços de ressonância magnética
864020;1,00%;515;Serviços de diagnóstico por imagem sem us o de radiação ionizante, exceto
864020;1,00%;515;Serviços de diagnóstico por registro gráf ico - ECG, EEG e outros exames
864020;1,00%;515;Serviços de diagnóstico por métodos óptic os - endoscopia e outros exames
864021;1,00%;515;Serviços de quimioterapia
864021;1,00%;515;Serviços de radioterapia
864021;1,00%;515;Serviços de hemoterapia
864021;1,00%;515;Serviços de litotripsia
864021;1,00%;515;Serviços de bancos de células e tecidos h umanos
864029;1,00%;515;Atividades de serviços de complementação diagnóstica e terapêutica não
865000;1,00%;515;Atividades de enfermagem - Pessoa Jurídic a
865000;1,00%;515;Atividades de profissionais da nutrição -  Pessoa Jurídica
865000;1,00%;515;Atividades de psicologia e psicanálise - Pessoa Jurídica
865000;1,00%;515;Atividades de fisioterapia - Pessoa Juríd ica
865000;1,00%;515;Atividades de terapia ocupacional - Pesso a Jurídica
865000;1,00%;515;Atividades de fonoaudiologia - Pessoa Jur ídica
865000;1,00%;515;Atividades de terapia de nutrição enteral  e parenteral - Pessoa Jurídica
865009;1,00%;515;Atividades de profissionais da área de sa úde não especificadas
866070;1,00%;515;Atividades de apoio à gestão de saúde
869090;1,00%;515;Atividades de práticas integrativas e com plementares em saúde humana
869090;1,00%;515;Atividades de bancos de leite humano
869099;1,00%;515;Outras atividades de atenção à saúde huma na não especificadas
871150;1,00%;515;Clínicas e residências geriátricas
871150;1,00%;515;Instituições de longa permanência para id osos
871150;1,00%;515;Atividades de assistência a deficientes f ísicos, imunodeprimidos e
871150;1,00%;515;Centros de apoio a pacientes com câncer e  com AIDS
871230;1,00%;515;Atividades de fornecimento de infra-estru tura de apoio e assistência a
872040;1,00%;515;Atividades de centros de assistência psic ossocial
872049;1,00%;515;Atividades de assistência psicossocial e à saúde a portadores de distúrbios
873010;1,00%;515;Orfanatos
873010;1,00%;515;Albergues assistenciais
873019;1,00%;515;Atividades de assistência social prestada s em residências coletivas e
880060;1,00%;515;Serviços de assistência social sem alojam ento
900190;3,00%;515;Atividades de sonorização e de iluminação
900350;3,00%;515;Gestão de espaços para artes cênicas, esp etáculos e outras atividades
920030;1,00%;515;Casas de bingo
920030;1,00%;515;Exploração de apostas em corridas de cava los
920039;1,00%;515;Exploração de jogos de azar e apostas não  especificados anteriormente
931150;1,00%;515;Gestão de instalações de esportes
931910;1,00%;515;Produção e promoção de eventos esportivos
931919;1,00%;515;Outras atividades esportivas não especifi cadas anteriormente
932120;1,00%;515;Parques de diversão e parques temáticos
932980;1,00%;515;Discotecas, danceterias, salões de dança e similares
932980;1,00%;515;Exploração de boliches
932980;1,00%;515;Exploração de jogos de sinuca, bilhar e s imilares
932980;1,00%;515;Exploração de jogos eletrônicos recreativ os
932989;1,00%;515;Outras atividades de recreação e lazer nã o especificadas anteriormente
949100;1,00%;515;Atividades de organizações religiosas
949280;1,00%;515;Atividades de organizações políticas
951180;1,00%;515;Reparação e manutenção de computadores e de equipamentos periféricos
951260;1,00%;515;Reparação e manutenção de equipamentos de  comunicação
952150;1,00%;515;Reparação e manutenção de equipamentos el etroeletrônicos de uso pessoal e
952910;1,00%;515;Reparação de calçados, bolsas e artigos d e viagem
952910;1,00%;515;Chaveiros
952910;1,00%;515;Reparação de relógios
952910;1,00%;515;Reparação de bicicletas, triciclos e outr os veículos não-motorizados
952910;1,00%;515;Reparação de artigos do mobiliário
952910;1,00%;515;Reparação de jóias
952919;1,00%;515;Reparação e manutenção de outros objetos e equipamentos pessoais e
960170;1,00%;515;Lavanderias
960170;1,00%;515;Tinturarias
960170;1,00%;515;Toalheiros
960250;1,00%;515;Cabeleireiros
960250;1,00%;515;Outras atividades de tratamento de beleza
960330;1,00%;515;Gestão e manutenção de cemitérios
960330;1,00%;515;Serviços de cremação
960330;1,00%;515;Serviços de sepultamento
960330;1,00%;515;Serviços de funerárias
960330;1,00%;515;Serviços de somatoconservação
960339;1,00%;515;Atividades funerárias e serviços relacion ados não especificados
960920;1,00%;515;Clínicas de estética e similares
960920;1,00%;515;Agências matrimoniais
960920;1,00%;515;Alojamento, higiene e embelezamento de an imais
960920;1,00%;515;Exploração de máquinas de serviços pessoa is acionadas por moeda
960929;1,00%;515;Outras atividades de serviços pessoais nã o especificadas anteriormente
941110;1,00%;523;Atividades de organizações associativas p atronais e empresariais (566 Se
941200;1,00%;523;Atividades de organizações associativas p rofissionais (566 Se vinculada ao
942010;3,00%;523;Atividades de organizações sindicais (566  Se vinculada ao ex IAPC)
021010;2,00%;531;Extração de madeira em florestas plantada s
021010;2,00%;531;Produção de carvão vegetal - florestas pl antadas
022090;3,00%;531;Extração de madeira em florestas nativas
022090;3,00%;531;Produção de carvão vegetal - florestas na tivas
101120;3,00%;531;Frigorífico - abate de bovinos (setor de abate)
101120;3,00%;531;Frigorífico - abate de eqüinos (setor de abate)
101120;3,00%;531;Frigorífico - abate de ovinos e caprinos (setor de abate)
101120;3,00%;531;Frigorífico - abate de bufalinos (setor d e abate)
101120;3,00%;531;Matadouro - abate de reses sob contrato, exceto abate de suínos
101210;3,00%;531;Abate de aves (setor de abate)
101210;3,00%;531;Abate de pequenos animais (setor de abate )
101210;3,00%;531;Frigorífico - abate de suínos (setor de a bate)
101210;3,00%;531;Matadouro - abate de suínos sob contrato
105110;2,00%;531;Preparação do leite (825 se Agroindustria )
106190;2,00%;531;Beneficiamento de arroz (825 se Agroindus tria)
031160;2,00%;540;Pesca de peixes em água salgada
331710;1,00%;540;Manutenção e reparação de embarcações e e struturas flutuantes
331710;1,00%;540;Manutenção e reparação de embarcações par a esporte e lazer
501140;1,00%;540;Transporte marítimo de cabotagem - Carga
501140;1,00%;540;Transporte marítimo de cabotagem - passag eiros
501220;1,00%;540;Transporte marítimo de longo curso - Carg a
501220;1,00%;540;Transporte marítimo de longo curso - Pass ageiros
502110;1,00%;540;Transporte por navegação interior de carg a, municipal, exceto travessia
502110;1,00%;540;Transporte por navegação interior de carg a, intermunicipal, interestadual e
502200;1,00%;540;Transporte por navegação interior de pass ageiros em linhas regulares,
502200;1,00%;540;Transporte por navegação interior de pass ageiros em linhas regulares,
503010;1,00%;540;Navegação de apoio marítimo
503010;1,00%;540;Navegação de apoio portuário
509120;2,00%;540;Transporte por navegação de travessia, mu nicipal
509120;2,00%;540;Transporte por navegação de travessia, in termunicipal
509980;2,00%;540;Transporte aquaviário para passeios turís ticos
509989;2,00%;540;Outros transportes aquaviários não especi ficados anteriormente
523110;1,00%;540;Administração da infra-estrutura portuári a
523110;1,00%;540;Operações de terminais
523200;1,00%;540;Atividades de agenciamento marítimo
523970;1,00%;540;Atividades auxiliares dos transportes aqu aviários não especificadas
742000;1,00%;540;Atividades de produção de fotografias sub marinas
749010;1,00%;540;Escafandria e mergulho
941200;2,00%;540;Atividades de organizações associativas p rofissionais (empregados
304150;1,00%;558;Fabricação de aeronaves
304230;1,00%;558;Fabricação de turbinas, motores e outros componentes e peças para
331630;1,00%;558;Manutenção e reparação de aeronaves, exce to a manutenção na pista
331630;1,00%;558;Manutenção de aeronaves na pista
461410;2,00%;558;Representantes comerciais e agentes do co mércio de aeronaves
511110;3,00%;558;Transporte aéreo de passageiros regular
511290;3,00%;558;Serviço de táxi aéreo e locação de aerona ves com tripulação
511299;3,00%;558;Outros serviços de transporte aéreo de pa ssageiros não-regular
512000;2,00%;558;Transporte aéreo de carga
513070;1,00%;558;Transporte espacial
524010;1,00%;558;Operação dos aeroportos e campos de aterr issagem
524019;1,00%;558;Atividades auxiliares dos transportes aér eos, exceto operação dos aeroportos
742000;1,00%;558;Atividades de produção de fotografias aér eas
771950;1,00%;558;Locação de aeronaves sem tripulação
325070;2,00%;566;Serviços de prótese dentária - Pessoa Fís ica
581150;1,00%;566;Edição de livros
581230;1,00%;566;Edição de jornais
581310;1,00%;566;Edição de revistas
581910;1,00%;566;Edição de cadastros, listas e outros prod utos gráficos
582980;1,00%;566;Edição de cadastros, listas e outros produtos g ráficos
591110;1,00%;566;Produção de filmes para publicidade
591119;1,00%;566;Atividades de produção cinematográfica, d e vídeos e de programas de
591200;1,00%;566;Serviços de dublagem
591200;1,00%;566;Serviços de mixagem sonora em produção au diovisual
591209;1,00%;566;Atividades de pós-produção cinematográfic a, de vídeos e de programas de
591380;1,00%;566;Distribuição cinematográfica, de vídeo e de programas de televisão
591460;1,00%;566;Atividades de exibição cinematográfica
592010;1,00%;566;Atividades de gravação de som e de edição  de música
601010;1,00%;566;Atividades de rádio
602170;3,00%;566;Atividades de televisão aberta
602250;3,00%;566;Programadoras
639170;1,00%;566;Agências de notícias
661180;1,00%;566;Bolsa de valores
661180;1,00%;566;Bolsa de mercadorias
661180;1,00%;566;Bolsa de mercadorias e futuros
661180;1,00%;566;Administração de mercados de balcão organ izados
662150;1,00%;566;Peritos e avaliadores de seguros  - Pesso a Física
662150;1,00%;566;Auditoria e consultoria atuarial - Pessoa  Física
682180;1,00%;566;Corretagem na compra e venda e avaliação de imóveis - Pessoa Física
682180;1,00%;566;Corretagem no aluguel de imóveis - Pessoa  Física
691170;1,00%;566;Serviços advocatícios - Pessoa Física
692060;1,00%;566;Atividades de contabilidade - Pessoa Físi ca
692060;1,00%;566;Atividades de consultoria e auditoria con tábil e tributária - Pessoa Física
702040;1,00%;566;Atividades de consultoria em gestão empre sarial, exceto consultoria técnica
711110;1,00%;566;Serviços de arquitetura - Pessoa Física
711970;1,00%;566;Serviços de cartografia, topografia e geo désia - Pessoa Física
711970;1,00%;566;Atividades de estudos geológicos - Pessoa  Física
711970;1,00%;566;Serviços de desenho técnico relacionados à arquitetura e engenharia -
711970;1,00%;566;Serviços de perícia técnica relacionados à segurança do trabalho - Pessoa
711979;1,00%;566;Atividades técnicas relacionadas à engenh aria e arquitetura não
712010;3,00%;566;Testes e análises técnicas - Pessoa Físic a
722070;1,00%;566;Pesquisa e desenvolvimento experimental e m ciências sociais e humanas -
731140;1,00%;566;Agências de publicidade
731220;1,00%;566;Agenciamento de espaços para publicidade,  exceto em veículos de
731900;1,00%;566;Criação de estandes para feiras e exposiç ões
731900;1,00%;566;Marketing direto
731909;1,00%;566;Outras atividades de publicidade não espe cificadas anteriormente
741020;1,00%;566;Design
741020;1,00%;566;Decoração de interiores
742000;1,00%;566;Atividades de produção de fotografias, ex ceto aérea e submarina
742000;1,00%;566;Laboratórios fotográficos
742000;1,00%;566;Filmagem de festas e eventos
749010;1,00%;566;Serviços de tradução, interpretação e sim ilares
749010;1,00%;566;Serviços de agronomia e de consultoria às  atividades agrícolas e pecuárias -
750010;1,00%;566;Atividades veterinárias - Pessoa Física
811250;3,00%;566;Condomínios prediais
851120;1,00%;566;Educação infantil - creche
851210;1,00%;566;Educação infantil - pré-escola
855030;1,00%;566;Administração de caixas escolares
855030;1,00%;566;Atividades de apoio à educação, exceto ca ixas escolares
863050;2,00%;566;Atividade médica ambulatorial restrita a consultas - Pessoa Física
863050;2,00%;566;Atividade odontológica com recursos para realização de procedimentos
863050;2,00%;566;Atividade odontológica sem recursos para realização de procedimentos
865000;1,00%;566;Atividades de enfermagem - Pessoa Física
865000;1,00%;566;Atividades de profissionais da nutrição -  Pessoa Física
865000;1,00%;566;Atividades de psicologia e psicanálise - Pessoa Física
865000;1,00%;566;Atividades de fisioterapia - Pessoa Físic a
865000;1,00%;566;Atividades de terapia ocupacional - Pesso a Física
865000;1,00%;566;Atividades de fonoaudiologia - Pessoa Fís ica
865000;1,00%;566;Atividades de terapia de nutrição enteral  e parenteral - Pessoa Física
871150;1,00%;566;Condomínios residenciais para idosos
872049;1,00%;566;Atividades de assistência psicossocial e à saúde a portadores de distúrbios
900190;3,00%;566;Produção teatral
900190;3,00%;566;Produção musical
900190;3,00%;566;Produção de espetáculos de dança
900190;3,00%;566;Produção de espetáculos circenses, de mar ionetes e similares
900190;3,00%;566;Produção de espetáculos de rodeios, vaque jadas e similares
900199;3,00%;566;Artes cênicas, espetáculos e atividades c omplementares não especificados
900270;3,00%;566;Atividades de artistas plásticos, jornali stas independentes e escritores
900270;3,00%;566;Restauração de obras de arte
910150;1,00%;566;Atividades de bibliotecas e arquivos
910230;1,00%;566;Atividades de museus e de exploração de l ugares e prédios históricos e
910310;1,00%;566;Atividades de jardins botânicos, zoológic os, parques nacionais, reservas
931230;1,00%;566;Clubes sociais, esportivos e similares (6 47-Futebol profissional)
931310;1,00%;566;Atividades de condicionamento físico
941110;1,00%;566;Atividades de organizações associativas p atronais e empresariais (523 Se
941200;1,00%;566;Atividades de organizações associativas p rofissionais (523 Se não vinculada
942010;3,00%;566;Atividades de organizações sindicais (523  Se não vinculada ao ex IAPC)
943080;1,00%;566;Atividades de associações de defesa de di reitos sociais
949360;1,00%;566;Atividades de organizações associativas l igadas à cultura e à arte
949950;1,00%;566;Atividades associativas não especificadas  anteriormente
851390;1,00%;574;Ensino fundamental
852010;1,00%;574;Ensino médio
853170;1,00%;574;Educação superior - graduação
853250;1,00%;574;Educação superior - graduação e pós-gradu ação
853330;1,00%;574;Educação superior - pós-graduação e exten são
854140;1,00%;574;Educação profissional de nível técnico
854220;1,00%;574;Educação profissional de nível tecnológic o
641070;1,00%;582;Banco Central
841160;2,00%;582;Administração pública em geral
841240;2,00%;582;Regulação das atividades de saúde, educaç ão, serviços culturais e outros
841320;2,00%;582;Regulação das atividades econômicas
842130;2,00%;582;Relações exteriores
842210;2,00%;582;Defesa
842300;2,00%;582;Justiça
842480;2,00%;582;Segurança e ordem pública
842560;2,00%;582;Defesa Civil
843020;2,00%;582;Seguridade social obrigatória
990080;1,00%;582;Organismos internacionais e outras instit uições extraterritoriais sem acordo
691250;1,00%;590;Cartórios
011130;2,00%;604;Cultivo de arroz
011130;2,00%;604;Cultivo de milho
011130;2,00%;604;Cultivo de trigo
011139;2,00%;604;Cultivo de outros cereais não especificad os anteriormente
011210;2,00%;604;Cultivo de algodão herbáceo
011210;2,00%;604;Cultivo de juta
011219;2,00%;604;Cultivo de outras fibras de lavoura tempo rária não especificadas
011300;2,00%;604;Cultivo de cana-de-açúcar
011480;2,00%;604;Cultivo de fumo
011560;2,00%;604;Cultivo de soja
011640;2,00%;604;Cultivo de amendoim
011640;2,00%;604;Cultivo de girassol
011640;2,00%;604;Cultivo de mamona
011649;2,00%;604;Cultivo de outras oleaginosas de lavoura temporária não especificadas
011990;2,00%;604;Cultivo de abacaxi
011990;2,00%;604;Cultivo de alho
011990;2,00%;604;Cultivo de batata-inglesa
011990;2,00%;604;Cultivo de cebola
011990;2,00%;604;Cultivo de feijão
011990;2,00%;604;Cultivo de mandioca
011990;2,00%;604;Cultivo de melão
011990;2,00%;604;Cultivo de melancia
011990;2,00%;604;Cultivo de tomate rasteiro
011999;2,00%;604;Cultivo de outras plantas de lavoura temp orária não especificadas
012110;1,00%;604;Horticultura, exceto morango
012110;1,00%;604;Cultivo de morango
012290;1,00%;604;Cultivo de flores e plantas ornamentais
013180;2,00%;604;Cultivo de laranja
013260;1,00%;604;Cultivo de uva
013340;1,00%;604;Cultivo de açaí
013340;1,00%;604;Cultivo de banana
013340;1,00%;604;Cultivo de caju
013340;1,00%;604;Cultivo de cítricos, exceto laranja
013340;1,00%;604;Cultivo de coco-da-baía
013340;1,00%;604;Cultivo de guaraná
013340;1,00%;604;Cultivo de maçã
013340;1,00%;604;Cultivo de mamão
013340;1,00%;604;Cultivo de maracujá
013341;1,00%;604;Cultivo de manga
013341;1,00%;604;Cultivo de pêssego
013349;1,00%;604;Cultivo de frutas de lavoura permanente n ão especificadas anteriormente
013420;1,00%;604;Cultivo de café
013510;1,00%;604;Cultivo de cacau
013930;1,00%;604;Cultivo de chá-da-índia
013930;1,00%;604;Cultivo de erva-mate
013930;1,00%;604;Cultivo de pimenta-do-reino
013930;1,00%;604;Cultivo de plantas para condimento, excet o pimenta-do-reino
013930;1,00%;604;Cultivo de dendê
013930;1,00%;604;Cultivo de seringueira
013939;1,00%;604;Cultivo de outras plantas de lavoura perm anente não especificadas
014150;2,00%;604;Produção de sementes certificadas, exceto  de forrageiras para pasto
014150;2,00%;604;Produção de sementes certificadas de forr ageiras para formação de pasto
014230;2,00%;604;Produção de mudas e outras formas de prop agação vegetal, certificadas
015120;1,00%;604;Criação de bovinos para corte
015120;1,00%;604;Criação de bovinos para leite
015120;1,00%;604;Criação de bovinos, exceto para corte e l eite
015210;1,00%;604;Criação de bufalinos
015210;1,00%;604;Criação de eqüinos
015210;1,00%;604;Criação de asininos e muares
015390;1,00%;604;Criação de caprinos
015390;1,00%;604;Criação de ovinos, inclusive para produçã o de lã
015470;1,00%;604;Criação de suínos
015550;1,00%;604;Criação de frangos para corte
015550;1,00%;604;Produção de pintos de um dia
015550;1,00%;604;Criação de outros galináceos, exceto para  corte
015550;1,00%;604;Criação de aves, exceto galináceos
015550;1,00%;604;Produção de ovos
015980;1,00%;604;Apicultura
015980;1,00%;604;Criação de animais de estimação
015980;1,00%;604;Criação de escargô
015980;1,00%;604;Criação de bicho-da-seda
015989;1,00%;604;Criação de outros animais não especificad os anteriormente
017090;1,00%;604;Caça e serviços relacionados
021010;2,00%;604;Cultivo de eucalipto
021010;2,00%;604;Cultivo de acácia-negra
021010;2,00%;604;Cultivo de pinus
021010;2,00%;604;Cultivo de teca
021010;2,00%;604;Cultivo de espécies madeireiras, exceto e ucalipto, acácia-negra, pinus e teca
021010;2,00%;604;Cultivo de mudas em viveiros florestais
021010;2,00%;604;Produção de casca de acácia-negra - flore stas plantadas
021019;2,00%;604;Produção de produtos não-madeireiros não especificados anteriormente em
022090;3,00%;604;Coleta de castanha-do-pará em florestas n ativas
022090;3,00%;604;Coleta de látex em florestas nativas
022090;3,00%;604;Coleta de palmito em florestas nativas
022090;3,00%;604;Conservação de florestas nativas
022099;3,00%;604;Coleta de produtos não-madeireiros não es pecificados anteriormente em
031160;2,00%;604;Pesca de crustáceos e moluscos em água sa lgada
031160;2,00%;604;Coleta de outros produtos marinhos
031240;2,00%;604;Pesca de peixes em água doce
031240;2,00%;604;Pesca de crustáceos e moluscos em água do ce
031240;2,00%;604;Coleta de outros produtos aquáticos de ág ua doce
032130;2,00%;604;Criação de peixes em água salgada e salob ra
032130;2,00%;604;Criação de camarões em água salgada e sal obra
032130;2,00%;604;Criação de ostras e mexilhões em água sal gada e salobra
032130;2,00%;604;Criação de peixes ornamentais em água sal gada e salobra
032139;2,00%;604;Cultivos e semicultivos da aqüicultura em  água salgada e salobra não
032210;2,00%;604;Criação de peixes em água doce
032210;2,00%;604;Criação de camarões em água doce
032210;2,00%;604;Criação de ostras e mexilhões em água doc e
032210;2,00%;604;Criação de peixes ornamentais em água doc e
032210;2,00%;604;Ranicultura
032210;2,00%;604;Criação de jacaré
032219;2,00%;604;Cultivos e semicultivos da aqüicultura em  água doce não especificados
360060;2,00%;612;Distribuição de água por caminhões
468180;1,00%;612;Pessoal de Tranporte no Com. Atac. de álc ool carburante, biodiesel,
468180;1,00%;612;Pessoal de Tranporte no Comércio atacadis ta de combustíveis realizado por
468180;1,00%;612;Pessoal de Tranporte no Comércio atacadis ta de combustíveis de origem
468180;1,00%;612;Pessoal de Tranporte no Comércio atacadis ta de combustíveis de origem
468180;1,00%;612;Pessoal de Tranporte no Comércio atacadis ta de lubrificantes
468260;1,00%;612;Pessoal de Tranporte no Comércio atacadis ta de gás liqüefeito de petróleo
492130;3,00%;612;Transporte rodoviário coletivo de passage iros, com itinerário fixo,
492130;3,00%;612;Transporte rodoviário coletivo de passage iros, com itinerário fixo,
492210;3,00%;612;Transporte rodoviário coletivo de passage iros, com itinerário fixo,
492210;3,00%;612;Transporte rodoviário coletivo de passage iros, com itinerário fixo,
492210;3,00%;612;Transporte rodoviário coletivo de passage iros, com itinerário fixo,
492300;3,00%;612;Serviço de táxi
492300;3,00%;612;Serviço de transporte de passageiros - lo cação de automóveis com motorista
492480;3,00%;612;Transporte escolar
492990;3,00%;612;Transporte rodoviário coletivo de passage iros, sob regime de fretamento,
492990;3,00%;612;Transporte rodoviário coletivo de passage iros, sob regime de fretamento,
492990;3,00%;612;Organização de excursões em veículos rodo viários próprios, municipal
492990;3,00%;612;Organização de excursões em veículos rodo viários próprios, intermunicipal,
492999;3,00%;612;Outros transportes rodoviários de passage iros não especificados
493020;3,00%;612;Transporte rodoviário de carga, exceto pr odutos perigosos e mudanças,
493020;3,00%;612;Transporte rodoviário de carga, exceto pr odutos perigosos e mudanças,
493020;3,00%;612;Transporte rodoviário de produtos perigos os
493020;3,00%;612;Transporte rodoviário de mudanças
521250;2,00%;612;Carga e descarga
522900;1,00%;612;Serviços de reboque de veículos
532020;3,00%;612;Serviços de malote não realizados pelo Co rreio Nacional
532020;3,00%;612;Serviços de entrega rápida
771100;1,00%;612;Locação de automóveis sem condutor
801290;3,00%;612;Atividades de transporte de valores
862240;2,00%;612;Serviços de remoção de pacientes, exceto os serviços móveis de
931230;1,00%;647;Clubes sociais, esportivos e similares (5 66-Sem Futebol profissional)
782050;2,00%;655;Locação de mão-de-obra temporária
941200;2,00%;680;Atividades de organizações associativas p rofissionais (remuneração do
642120;3,00%;736;Bancos comerciais
642210;3,00%;736;Bancos múltiplos, com carteira comercial
642390;3,00%;736;Caixas econômicas
642470;1,00%;736;Bancos cooperativos
643100;3,00%;736;Bancos múltiplos, sem carteira comercial
643280;1,00%;736;Bancos de investimento
643360;1,00%;736;Bancos de desenvolvimento
643520;1,00%;736;Sociedades de crédito imobiliário
643520;1,00%;736;Associações de poupança e empréstimo
643520;1,00%;736;Companhias hipotecárias
643610;1,00%;736;Sociedades de crédito, financiamento e in vestimento - financeiras
643790;1,00%;736;Sociedades de crédito ao microempreendedo r
644090;1,00%;736;Arrendamento mercantil
645060;1,00%;736;Sociedades de capitalização
647010;1,00%;736;Fundos de investimento, exceto previdenci ários e imobiliários
647010;1,00%;736;Fundos de investimento previdenciários
647010;1,00%;736;Fundos de investimento imobiliários
649210;1,00%;736;Securitização de créditos
649990;1,00%;736;Clubes de investimento
649990;1,00%;736;Sociedades de investimento
649990;1,00%;736;Fundo garantidor de crédito
649990;1,00%;736;Caixas de financiamento de corporações
649990;1,00%;736;Concessão de crédito pelas OSCIP
649999;1,00%;736;Outras atividades de serviços financeiros  não especificadas anteriormente
651110;1,00%;736;Seguros de vida
651110;1,00%;736;Planos de auxílio-funeral
651200;1,00%;736;Seguros não-vida
652010;2,00%;736;Seguros-saúde
653080;1,00%;736;Resseguros
654130;1,00%;736;Previdência complementar fechada
654210;1,00%;736;Previdência complementar aberta
655020;2,00%;736;Planos de saúde
661260;1,00%;736;Corretoras de títulos e valores mobiliári os
661260;1,00%;736;Distribuidoras de títulos e valores mobil iários
661260;1,00%;736;Corretoras de câmbio
661260;1,00%;736;Corretoras de contratos de mercadorias
661260;1,00%;736;Agentes de investimentos em aplicações fi nanceiras
661930;1,00%;736;Serviços de liquidação e custódia
661930;1,00%;736;Correspondentes de instituições financeir as
661930;1,00%;736;Caixas eletrônicos
662230;1,00%;736;Corretores e agentes de seguros, de plano s de previdência complementar e
662910;1,00%;736;Atividades auxiliares dos seguros, da pre vidência complementar e dos
016100;1,00%;787;Serviço de pulverização e controle de pra gas agrícolas
016100;1,00%;787;Serviço de poda de árvores para lavouras
016100;1,00%;787;Serviço de preparação de terreno, cultivo  e colheita
016109;1,00%;787;Atividades de apoio à agricultura não esp ecificadas anteriormente
016280;1,00%;787;Serviço de inseminação artificial em anim ais
016280;1,00%;787;Serviço de tosquiamento de ovinos
016280;1,00%;787;Serviço de manejo de animais
016289;1,00%;787;Atividades de apoio à pecuária não especi ficadas anteriormente
016360;1,00%;787;Atividades de pós-colheita
023060;2,00%;787;Atividades de apoio à produção florestal
031160;2,00%;787;Atividades de apoio à pesca em água salga da
031240;2,00%;787;Atividades de apoio à pesca em água doce
032130;2,00%;787;Atividades de apoio à aqüicultura em água  salgada e salobra
032210;2,00%;787;Atividades de apoio à aqüicultura em água  doce
103170;2,00%;833;Fabricação de conservas de frutas - agroi ndústria
103250;2,00%;833;Fabricação de conservas de palmito - agro indústria
103259;2,00%;833;Fabricação de conservas de legumes e outr os vegetais, exceto palmito -
103330;2,00%;833;Fabricação de sucos concentrados de fruta s, hortaliças e legumes -
103330;2,00%;833;Fabricação de sucos de frutas, hortaliças  e legumes, exceto concentrados -
104140;2,00%;833;Fabricação de óleos vegetais em bruto, ex ceto óleo de milho - agroindústria
104220;2,00%;833;Fabricação de óleos vegetais refinados, e xceto óleo de milho - agroindústria
104310;2,00%;833;Fabricação de margarina e outras gorduras  vegetais e de óleos não-
106190;2,00%;833;Fabricação de produtos do arroz - agroind ústria
109370;2,00%;833;Fabricação de produtos derivados do cacau  e de chocolates -agroindústria
109370;2,00%;833;Fabricação de frutas cristalizadas, balas  e semelhantes - agroindústria
109960;2,00%;833;Fabricação de vinagres - agroindústria
111190;2,00%;833;Fabricação de aguardente de cana-de-açúca r - agroindústria
112249;2,00%;833;Fabricação de outras bebidas não- alcoólicas não especificadas anteriormente
121070;3,00%;833;Processamento industrial do fumo - agroin dústria
122040;3,00%;833;Fabricação de cigarros - agroindústria
122040;3,00%;833;Fabricação de cigarrilhas e charutos - ag roindústria
122040;3,00%;833;Fabricação de filtros para cigarros - agr oindústria
132190;2,00%;833;Tecelagem de fios de algodão - agroindúst ria
132270;2,00%;833;Tecelagem de fios de fibras têxteis natur ais - agroindústria
193140;2,00%;833;Fabricação de álcool - agroindústria
193220;2,00%;833;Fabricação de biocombustíveis, exceto álc ool - agroindústria
212110;2,00%;833;Fabricação de medicamentos fitoterápicos para uso humano - agroindústria
970050;0,00%;868;Serviços domésticos
990080;1,00%;876;Organismos internacionais e outras instit uições extraterritoriais com acordo
106270;2,00%;507;Fabricação de derivados do trigo - indústria
106350;2,00%;507;Fabricação de farinha de mandioca e derivados -  indústria
106430;2,00%;507;Fabricação de farinha de milho e derivados - in dústria
106510;2,00%;507;Fabricação de amidos e féculas de vegetais - in dústria
106510;2,00%;507;Fabricação de óleo de milho (bruto) - indústria
106510;2,00%;507;Fabricação de óleo de milho refinado - indústri a
106940;2,00%;507;Moagem e fabricação de outros produtos de orige m vegetal - indústria
107160;3,00%;507;Fabricação de açúcar - indústria
107240;3,00%;507;Fabricação de açúcar de cereais (dextrose) e de  beterraba - indústria
108130;2,00%;507;Torrefação e moagem de café - indústria
108210;2,00%;507;Fabricação de produtos a base de café
109960;2,00%;507;Fabricação de vinagres - indústria
109960;2,00%;507;Fabricação de produtos para infusão (chá, mate,  etc.)
111270;2,00%;507;Fabricação de vinho - indústria
122049;3,00%;507;Fabricação de outros produtos do fumo - indústr ia
131110;2,00%;507;Fiação de fibras de algodão - indústria
131200;2,00%;507;Fiação de fibras têxteis naturais - indústria
582120;1,00%;507;Impressão de livros
582210;1,00%;507;Impressão de jornais
582390;1,00%;507;Impressão de revistas
582980;1,00%;507;Impressão de cadastros, listas e outros produto s gráficos
105110;2,00%;531;Preparação do leite - indústria rudimentar
105200;2,00%;531;Fabricação de laticínios - indústria rudimentar
106190;2,00%;531;Beneficiamento de arroz - indústria rudimentar
106270;2,00%;531;Moagem de trigo - indústria rudimentar
106430;2,00%;531;Beneficiamento do milho - indústria rudimentar
107240;3,00%;531;Fabricação de açúcar de cana - indústria rudime ntar
108130;2,00%;531;Beneficiamento de café - indústria rudimentar
109960;2,00%;531;Beneficiamento de chá, mate, etc. - indústria r udimentar
131110;2,00%;531;Preparação de fibras de algodão - indústria rud imentar
131200;2,00%;531;Preparação de fibras têxteis naturais - indústr ia rudimentar
642470;1,00%;787;Cooperativas centrais de crédito
642470;1,00%;787;Cooperativas de crédito mútuo
642470;1,00%;787;Cooperativas de crédito rural
105110;2,00%;825;Preparação do leite - agroindústria (rudimentar )
105200;2,00%;825;Fabricação de laticínios - agroindústria (rudim entar)
106190;2,00%;825;Beneficiamento de arroz - agroindústria (rudime ntar)
106270;2,00%;825;Moagem de trigo - agroindústria (rudimentar)
106430;2,00%;825;Beneficiamento do milho - agroindústria (rudime ntar)
107240;3,00%;825;Fabricação de açúcar de cana - agroindústria (r udimentar)
108130;2,00%;825;Beneficiamento de café - agroindústria (rudimen tar)
109960;2,00%;825;Beneficiamento de chá, mate, etc. - agroindústr ia (rudimentar)
131110;2,00%;825;Preparação de fibras de algodão - agroindústria  (rudimentar)
131200;2,00%;825;Preparação de fibras têxteis naturais - agroind ústria (rudimentar)
106270;2,00%;833;Fabricação de derivados do trigo - agroindústri a
106350;2,00%;833;Fabricação de farinha de mandioca e derivados -  agroindústria
106430;2,00%;833;Fabricação de farinha de milho e derivados - ag roindustria
106510;2,00%;833;Fabricação de amidos e féculas de vegetais - ag roindústria
106510;2,00%;833;Fabricação de óleo de milho (bruto) - agroindús tria
106510;2,00%;833;Fabricação de óleo de milho refinado - agroindu stria
106940;2,00%;833;Moagem e fabricação de outros produtos de orige m vegetal - agroindústria
107160;3,00%;833;Fabricação de açúcar - agroindústria
107240;3,00%;833;Fabricação de açúcar de cereais (dextrose) e de  beterraba - agroindústria
108130;2,00%;833;Torrefação e moagem de café - agroindústria
111270;2,00%;833;Fabricação de vinho - agroindústria
122049;3,00%;833;Fabricação de outros produtos do fumo - agroind ústria
131110;2,00%;833;Fiação de fibras de algodão - agroindústria
131200;2,00%;833;Fiação de fibras têxteis naturais - agroindústr ia
